Sizes;NOINIT_SEQ_WRITE;INIT_SEQ_WRITE;NOINIT_SEQ_READ;INIT_SEQ_READ;NOINIT_RND_WRITE;INIT_RND_WRITE;NOINIT_RND_READ;INIT_RND_READ
2000;100.00;0.00;0.00;1.00;1.00;0.00;0.00;0.00
3000;1.00;0.00;2.00;2.00;0.00;0.00;0.00;0.00
4000;20.00;0.00;0.00;0.00;0.00;0.00;0.00;0.00
5000;5.00;1.00;0.00;1.00;0.00;1.00;0.00;0.00
6000;100.00;6.00;1.00;1.00;0.00;11.00;0.00;0.00
7000;100.00;100.00;1.00;0.00;100.00;100.00;0.00;0.00
8000;100.00;100.00;1.00;1.00;100.00;100.00;0.00;0.00
9000;100.00;100.00;1.00;0.00;100.00;100.00;0.00;0.00
10000;100.00;100.00;1.00;1.00;100.00;100.00;0.00;0.00
11000;100.00;100.00;1.00;2.00;100.00;100.00;0.00;0.00
12000;100.00;100.00;1.00;2.00;100.00;100.00;0.00;0.00
13000;100.00;100.00;1.00;1.00;100.00;100.00;0.00;0.00
14000;100.00;100.00;1.00;0.00;100.00;100.00;0.00;0.00
15000;100.00;100.00;1.00;0.00;100.00;100.00;1.00;0.00
16000;100.00;100.00;2.00;4.00;100.00;100.00;0.00;1.00
17000;100.00;100.00;1.00;2.00;100.00;100.00;0.00;0.00
18000;100.00;100.00;2.00;2.00;100.00;100.00;0.00;0.00
19000;100.00;100.00;1.00;1.00;100.00;100.00;0.00;0.00
20000;100.00;100.00;2.00;2.00;100.00;100.00;0.00;0.00
21000;100.00;100.00;1.00;3.00;100.00;100.00;0.00;0.00
22000;100.00;100.00;1.00;1.00;100.00;100.00;0.00;0.00
23000;100.00;100.00;2.00;1.00;100.00;100.00;0.00;0.00
24000;100.00;100.00;2.00;2.00;100.00;100.00;0.00;0.00
25000;100.00;100.00;4.00;1.00;100.00;100.00;0.00;0.00
26000;100.00;100.00;2.00;1.00;100.00;100.00;0.00;0.00
27000;100.00;100.00;2.00;2.00;100.00;100.00;1.00;0.00
28000;100.00;100.00;2.00;1.00;100.00;100.00;0.00;0.00
29000;100.00;100.00;2.00;3.00;100.00;100.00;0.00;0.00
30000;100.00;100.00;2.00;2.00;100.00;100.00;0.00;0.00
31000;100.00;100.00;3.00;4.00;100.00;100.00;0.00;0.00
32000;100.00;100.00;6.00;4.00;100.00;100.00;0.00;0.00
33000;100.00;100.00;2.00;1.00;100.00;100.00;0.00;0.00
34000;100.00;100.00;3.00;2.00;100.00;100.00;0.00;0.00
35000;100.00;100.00;3.00;2.00;100.00;100.00;0.00;0.00
36000;100.00;100.00;2.00;2.00;100.00;100.00;0.00;0.00
37000;100.00;100.00;5.00;4.00;100.00;100.00;0.00;0.00
38000;100.00;100.00;2.00;1.00;100.00;100.00;0.00;0.00
39000;100.00;100.00;3.00;4.00;100.00;100.00;0.00;0.00
40000;100.00;100.00;2.00;2.00;100.00;100.00;0.00;0.00
41000;100.00;100.00;3.00;5.00;100.00;100.00;0.00;0.00
42000;100.00;100.00;3.00;3.00;100.00;100.00;0.00;0.00
43000;100.00;100.00;5.00;0.00;100.00;100.00;0.00;1.00
44000;100.00;100.00;3.00;5.00;100.00;100.00;0.00;0.00
45000;100.00;100.00;3.00;2.00;100.00;100.00;0.00;0.00
46000;100.00;100.00;3.00;5.00;100.00;100.00;0.00;0.00
47000;100.00;100.00;5.00;6.00;100.00;100.00;0.00;1.00
48000;100.00;100.00;3.00;4.00;100.00;100.00;0.00;0.00
49000;100.00;100.00;4.00;3.00;100.00;100.00;0.00;0.00
50000;100.00;100.00;3.00;6.00;100.00;100.00;0.00;1.00
51000;100.00;100.00;4.00;4.00;100.00;100.00;0.00;0.00
52000;100.00;100.00;3.00;0.00;100.00;100.00;0.00;0.00
53000;100.00;100.00;4.00;8.00;100.00;100.00;0.00;0.00
54000;100.00;100.00;6.00;6.00;100.00;100.00;0.00;0.00
55000;100.00;100.00;91.00;9.00;100.00;100.00;82.00;44.00
56000;100.00;100.00;87.00;3.00;100.00;100.00;78.00;37.00
57000;100.00;100.00;91.00;22.00;100.00;100.00;89.00;42.00
58000;100.00;100.00;89.00;23.00;100.00;100.00;65.00;58.00
59000;100.00;100.00;91.00;21.00;100.00;100.00;93.00;44.00
60000;100.00;100.00;100.00;14.00;100.00;100.00;99.00;60.00
61000;100.00;100.00;100.00;9.00;100.00;100.00;100.00;63.00
62000;100.00;100.00;100.00;13.00;100.00;100.00;100.00;80.00
63000;100.00;100.00;100.00;12.00;100.00;100.00;97.00;65.00
64000;100.00;100.00;100.00;7.00;100.00;100.00;100.00;69.00
65000;100.00;100.00;100.00;9.00;100.00;100.00;100.00;52.00
66000;100.00;100.00;100.00;16.00;100.00;100.00;100.00;62.00
67000;100.00;100.00;100.00;15.00;100.00;100.00;97.00;70.00
68000;100.00;100.00;100.00;9.00;100.00;100.00;100.00;71.00
69000;100.00;100.00;99.00;11.00;100.00;100.00;100.00;81.00
70000;100.00;100.00;100.00;9.00;100.00;100.00;99.00;64.00
71000;100.00;100.00;100.00;6.00;100.00;100.00;99.00;72.00
72000;100.00;100.00;100.00;10.00;100.00;100.00;100.00;71.00
73000;100.00;100.00;100.00;10.00;100.00;100.00;99.00;63.00
74000;100.00;100.00;100.00;10.00;100.00;100.00;100.00;67.00
75000;100.00;100.00;100.00;6.00;100.00;100.00;100.00;52.00
76000;100.00;100.00;100.00;5.00;100.00;100.00;100.00;63.00
77000;100.00;100.00;100.00;3.00;100.00;100.00;100.00;71.00
78000;100.00;100.00;100.00;2.00;100.00;100.00;100.00;57.00
79000;100.00;100.00;100.00;13.00;100.00;100.00;99.00;61.00
80000;100.00;100.00;100.00;9.00;100.00;100.00;99.00;54.00
81000;100.00;100.00;100.00;10.00;100.00;100.00;100.00;54.00
82000;100.00;100.00;100.00;9.00;100.00;100.00;100.00;61.00
83000;100.00;100.00;100.00;10.00;100.00;100.00;100.00;60.00
84000;100.00;100.00;100.00;11.00;100.00;100.00;100.00;73.00
85000;100.00;100.00;100.00;11.00;100.00;100.00;100.00;63.00
86000;100.00;100.00;100.00;11.00;100.00;100.00;98.00;63.00
87000;100.00;100.00;100.00;6.00;100.00;100.00;100.00;50.00
88000;100.00;100.00;100.00;6.00;100.00;100.00;100.00;69.00
89000;100.00;100.00;100.00;4.00;100.00;100.00;100.00;76.00
90000;100.00;100.00;100.00;3.00;100.00;100.00;100.00;71.00
91000;100.00;100.00;100.00;1.00;100.00;100.00;100.00;56.00
92000;100.00;100.00;100.00;6.00;100.00;100.00;100.00;58.00
93000;100.00;100.00;100.00;10.00;100.00;100.00;100.00;49.00
94000;100.00;100.00;100.00;11.00;100.00;100.00;98.00;69.00
95000;100.00;100.00;100.00;11.00;100.00;100.00;100.00;89.00
96000;100.00;100.00;100.00;13.00;100.00;100.00;100.00;92.00
97000;100.00;100.00;100.00;13.00;100.00;100.00;100.00;72.00
98000;100.00;100.00;100.00;7.00;100.00;100.00;100.00;61.00
99000;100.00;100.00;100.00;6.00;100.00;100.00;100.00;58.00
100000;100.00;100.00;100.00;6.00;100.00;100.00;100.00;52.00
101000;100.00;100.00;100.00;5.00;100.00;100.00;100.00;55.00
102000;100.00;100.00;100.00;3.00;100.00;100.00;100.00;68.00
103000;100.00;100.00;100.00;2.00;100.00;100.00;100.00;71.00
104000;100.00;100.00;100.00;0.00;100.00;100.00;100.00;81.00
105000;100.00;100.00;100.00;5.00;100.00;100.00;100.00;75.00
106000;100.00;100.00;100.00;14.00;100.00;100.00;100.00;65.00
107000;100.00;100.00;100.00;14.00;100.00;100.00;100.00;52.00
108000;100.00;100.00;100.00;14.00;100.00;100.00;100.00;55.00
109000;100.00;100.00;100.00;12.00;100.00;100.00;100.00;57.00
110000;100.00;100.00;100.00;16.00;100.00;100.00;100.00;76.00
111000;100.00;100.00;100.00;13.00;100.00;100.00;100.00;79.00
112000;100.00;100.00;100.00;14.00;100.00;100.00;100.00;60.00
113000;100.00;100.00;100.00;7.00;100.00;100.00;100.00;70.00
114000;100.00;100.00;100.00;9.00;100.00;100.00;100.00;70.00
115000;100.00;100.00;100.00;8.00;100.00;100.00;100.00;56.00
116000;100.00;100.00;100.00;8.00;100.00;100.00;100.00;67.00
117000;100.00;100.00;100.00;6.00;100.00;100.00;100.00;74.00
118000;100.00;100.00;100.00;6.00;100.00;100.00;100.00;81.00
119000;100.00;100.00;100.00;4.00;100.00;100.00;100.00;61.00
120000;100.00;100.00;100.00;3.00;100.00;100.00;100.00;65.00
121000;100.00;100.00;100.00;2.00;100.00;100.00;100.00;56.00
122000;100.00;100.00;100.00;17.00;100.00;100.00;100.00;62.00
123000;100.00;100.00;100.00;17.00;100.00;100.00;100.00;69.00
124000;100.00;100.00;100.00;11.00;100.00;100.00;100.00;80.00
125000;100.00;100.00;100.00;17.00;100.00;100.00;100.00;70.00
126000;100.00;100.00;100.00;16.00;100.00;100.00;100.00;79.00
127000;100.00;100.00;100.00;16.00;100.00;100.00;100.00;67.00
128000;100.00;100.00;100.00;15.00;100.00;100.00;100.00;74.00
129000;100.00;100.00;100.00;16.00;100.00;100.00;100.00;58.00
130000;100.00;100.00;100.00;16.00;100.00;100.00;100.00;68.00
131000;100.00;100.00;100.00;15.00;100.00;100.00;100.00;71.00
132000;100.00;100.00;100.00;17.00;100.00;100.00;100.00;73.00
133000;100.00;100.00;100.00;16.00;100.00;100.00;100.00;64.00
134000;100.00;100.00;100.00;9.00;100.00;100.00;100.00;63.00
135000;100.00;100.00;100.00;9.00;100.00;100.00;100.00;60.00
136000;100.00;100.00;100.00;9.00;100.00;100.00;100.00;56.00
137000;100.00;100.00;100.00;10.00;100.00;100.00;100.00;82.00
138000;100.00;100.00;100.00;10.00;100.00;100.00;100.00;68.00
139000;100.00;100.00;100.00;8.00;100.00;100.00;100.00;78.00
140000;100.00;100.00;100.00;7.00;100.00;100.00;100.00;49.00
141000;100.00;100.00;100.00;7.00;100.00;100.00;100.00;57.00
142000;100.00;100.00;100.00;5.00;100.00;100.00;100.00;62.00
143000;100.00;100.00;100.00;4.00;100.00;100.00;100.00;63.00
144000;100.00;100.00;100.00;3.00;100.00;100.00;100.00;69.00
145000;100.00;100.00;100.00;3.00;100.00;100.00;100.00;69.00
146000;100.00;100.00;100.00;2.00;100.00;100.00;100.00;70.00
147000;100.00;100.00;100.00;13.00;100.00;100.00;100.00;68.00
148000;100.00;100.00;100.00;20.00;100.00;100.00;100.00;52.00
149000;100.00;100.00;100.00;17.00;100.00;100.00;100.00;57.00
150000;100.00;100.00;100.00;20.00;100.00;100.00;100.00;52.00
151000;100.00;100.00;100.00;19.00;100.00;100.00;100.00;67.00
152000;100.00;100.00;100.00;18.00;100.00;100.00;100.00;67.00
153000;100.00;100.00;100.00;20.00;100.00;100.00;100.00;72.00
154000;100.00;100.00;100.00;21.00;100.00;100.00;100.00;68.00
155000;100.00;100.00;100.00;20.00;100.00;100.00;100.00;67.00
156000;100.00;100.00;100.00;20.00;100.00;100.00;100.00;67.00
157000;100.00;100.00;100.00;21.00;100.00;100.00;100.00;62.00
158000;100.00;100.00;100.00;20.00;100.00;100.00;100.00;72.00
159000;100.00;100.00;100.00;20.00;100.00;100.00;100.00;79.00
160000;100.00;100.00;100.00;20.00;100.00;100.00;100.00;74.00
161000;100.00;100.00;100.00;20.00;100.00;100.00;100.00;58.00
162000;100.00;100.00;100.00;20.00;100.00;100.00;100.00;64.00
163000;100.00;100.00;100.00;11.00;100.00;100.00;100.00;51.00
164000;100.00;100.00;100.00;11.00;100.00;100.00;100.00;60.00
165000;100.00;100.00;100.00;12.00;100.00;100.00;100.00;72.00
166000;100.00;100.00;100.00;11.00;100.00;100.00;100.00;69.00
167000;100.00;100.00;100.00;12.00;100.00;100.00;100.00;72.00
168000;100.00;100.00;100.00;12.00;100.00;100.00;100.00;69.00
169000;100.00;100.00;100.00;15.00;100.00;100.00;100.00;64.00
170000;100.00;100.00;100.00;16.00;100.00;100.00;100.00;71.00
171000;100.00;100.00;100.00;13.00;100.00;100.00;100.00;63.00
172000;100.00;100.00;100.00;11.00;100.00;100.00;100.00;77.00
173000;100.00;100.00;100.00;8.00;100.00;100.00;100.00;85.00
174000;100.00;100.00;100.00;10.00;100.00;100.00;100.00;85.00
175000;100.00;100.00;100.00;9.00;100.00;100.00;100.00;72.00
176000;100.00;100.00;100.00;10.00;100.00;100.00;100.00;65.00
177000;100.00;100.00;100.00;7.00;100.00;100.00;100.00;69.00
178000;100.00;100.00;100.00;4.00;100.00;100.00;100.00;66.00
179000;100.00;100.00;100.00;5.00;100.00;100.00;100.00;71.00
180000;100.00;100.00;100.00;4.00;100.00;100.00;100.00;78.00
181000;100.00;100.00;100.00;1.00;100.00;100.00;100.00;72.00
182000;100.00;100.00;100.00;1.00;100.00;100.00;100.00;59.00
183000;100.00;100.00;100.00;25.00;100.00;100.00;100.00;60.00
184000;100.00;100.00;100.00;26.00;100.00;100.00;100.00;61.00
185000;100.00;100.00;100.00;25.00;100.00;100.00;100.00;68.00
186000;100.00;100.00;100.00;25.00;100.00;100.00;100.00;73.00
187000;100.00;100.00;100.00;25.00;100.00;100.00;100.00;83.00
188000;100.00;100.00;100.00;21.00;100.00;100.00;100.00;68.00
189000;100.00;100.00;100.00;25.00;100.00;100.00;100.00;53.00
190000;100.00;100.00;100.00;25.00;100.00;100.00;100.00;78.00
191000;100.00;100.00;100.00;25.00;100.00;100.00;100.00;71.00
192000;100.00;100.00;100.00;25.00;100.00;100.00;100.00;71.00
193000;100.00;100.00;100.00;25.00;100.00;100.00;100.00;78.00
194000;100.00;100.00;100.00;22.00;100.00;100.00;100.00;64.00
195000;100.00;100.00;100.00;24.00;100.00;100.00;100.00;65.00
196000;100.00;100.00;100.00;25.00;100.00;100.00;100.00;66.00
197000;100.00;100.00;100.00;25.00;100.00;100.00;100.00;68.00
198000;100.00;100.00;100.00;24.00;100.00;100.00;100.00;73.00
199000;100.00;100.00;100.00;23.00;100.00;100.00;100.00;80.00
200000;100.00;100.00;100.00;23.00;100.00;100.00;100.00;67.00
201000;100.00;100.00;100.00;24.00;100.00;100.00;100.00;60.00
202000;100.00;100.00;100.00;24.00;100.00;100.00;100.00;73.00
203000;100.00;100.00;100.00;24.00;100.00;100.00;100.00;66.00
204000;100.00;100.00;100.00;24.00;100.00;100.00;100.00;77.00
205000;100.00;100.00;100.00;24.00;100.00;100.00;100.00;75.00
206000;100.00;100.00;100.00;25.00;100.00;100.00;100.00;75.00
207000;100.00;100.00;100.00;25.00;100.00;100.00;100.00;58.00
208000;100.00;100.00;100.00;26.00;100.00;100.00;100.00;69.00
209000;100.00;100.00;100.00;24.00;100.00;100.00;100.00;63.00
210000;100.00;100.00;100.00;14.00;100.00;100.00;100.00;71.00
211000;100.00;100.00;100.00;14.00;100.00;100.00;100.00;65.00
212000;100.00;100.00;100.00;15.00;100.00;100.00;100.00;56.00
213000;100.00;100.00;100.00;14.00;100.00;100.00;100.00;71.00
214000;100.00;100.00;100.00;14.00;100.00;100.00;100.00;81.00
215000;100.00;100.00;100.00;17.00;100.00;100.00;100.00;69.00
216000;100.00;100.00;100.00;14.00;100.00;100.00;100.00;62.00
217000;100.00;100.00;100.00;14.00;100.00;100.00;100.00;64.00
218000;100.00;100.00;100.00;15.00;100.00;100.00;100.00;71.00
219000;100.00;100.00;100.00;13.00;100.00;100.00;100.00;73.00
220000;100.00;100.00;100.00;14.00;100.00;100.00;100.00;74.00
221000;100.00;100.00;100.00;14.00;100.00;100.00;100.00;63.00
222000;100.00;100.00;100.00;15.00;100.00;100.00;100.00;66.00
223000;100.00;100.00;100.00;13.00;100.00;100.00;100.00;67.00
224000;100.00;100.00;100.00;15.00;100.00;100.00;100.00;75.00
225000;100.00;100.00;100.00;14.00;100.00;100.00;100.00;76.00
226000;100.00;100.00;100.00;10.00;100.00;100.00;100.00;78.00
227000;100.00;100.00;100.00;11.00;100.00;100.00;100.00;75.00
228000;100.00;100.00;100.00;10.00;100.00;100.00;100.00;67.00
229000;100.00;100.00;100.00;10.00;100.00;100.00;100.00;65.00
230000;100.00;100.00;100.00;10.00;100.00;100.00;100.00;57.00
231000;100.00;100.00;100.00;11.00;100.00;100.00;100.00;63.00
232000;100.00;100.00;100.00;7.00;100.00;100.00;100.00;69.00
233000;100.00;100.00;100.00;9.00;100.00;100.00;100.00;77.00
234000;100.00;100.00;100.00;9.00;100.00;100.00;100.00;78.00
235000;100.00;100.00;100.00;6.00;100.00;100.00;100.00;78.00
236000;100.00;100.00;100.00;7.00;100.00;100.00;100.00;66.00
237000;100.00;100.00;100.00;5.00;100.00;100.00;100.00;65.00
238000;100.00;100.00;100.00;4.00;100.00;100.00;100.00;72.00
239000;100.00;100.00;100.00;4.00;100.00;100.00;100.00;74.00
240000;100.00;100.00;100.00;5.00;100.00;100.00;100.00;78.00
241000;100.00;100.00;100.00;2.00;100.00;100.00;100.00;79.00
242000;100.00;100.00;100.00;3.00;100.00;100.00;100.00;79.00
243000;100.00;100.00;100.00;3.00;100.00;100.00;100.00;64.00
244000;100.00;100.00;100.00;1.00;100.00;100.00;100.00;60.00
245000;100.00;100.00;100.00;29.00;100.00;100.00;100.00;63.00
246000;100.00;100.00;100.00;33.00;100.00;100.00;100.00;71.00
247000;100.00;100.00;100.00;14.00;100.00;100.00;100.00;84.00
248000;100.00;100.00;100.00;20.00;100.00;100.00;100.00;77.00
249000;100.00;100.00;100.00;27.00;100.00;100.00;100.00;59.00
250000;100.00;100.00;100.00;28.00;100.00;100.00;100.00;67.00
251000;100.00;100.00;100.00;26.00;100.00;100.00;100.00;62.00
252000;100.00;100.00;100.00;31.00;100.00;100.00;100.00;67.00
253000;100.00;100.00;100.00;28.00;100.00;100.00;100.00;72.00
254000;100.00;100.00;100.00;32.00;100.00;100.00;100.00;73.00
255000;100.00;100.00;100.00;33.00;100.00;100.00;100.00;83.00
256000;100.00;100.00;100.00;33.00;100.00;100.00;100.00;79.00
257000;100.00;100.00;100.00;33.00;100.00;100.00;100.00;62.00
258000;100.00;100.00;100.00;34.00;100.00;100.00;100.00;61.00
259000;100.00;100.00;100.00;33.00;100.00;100.00;100.00;57.00
260000;100.00;100.00;100.00;35.00;100.00;100.00;100.00;71.00
261000;100.00;100.00;100.00;33.00;100.00;100.00;100.00;82.00
262000;100.00;100.00;100.00;31.00;100.00;100.00;100.00;83.00
263000;100.00;100.00;100.00;33.00;100.00;100.00;100.00;67.00
264000;100.00;100.00;100.00;31.00;100.00;100.00;100.00;65.00
265000;100.00;100.00;100.00;34.00;100.00;100.00;100.00;72.00
266000;100.00;100.00;100.00;32.00;100.00;100.00;100.00;66.00
267000;100.00;100.00;100.00;34.00;100.00;100.00;100.00;84.00
268000;100.00;100.00;100.00;34.00;100.00;100.00;100.00;77.00
269000;100.00;100.00;100.00;31.00;100.00;100.00;100.00;71.00
270000;100.00;100.00;100.00;34.00;100.00;100.00;100.00;63.00
271000;100.00;100.00;100.00;33.00;100.00;100.00;100.00;66.00
272000;100.00;100.00;100.00;34.00;100.00;100.00;100.00;67.00
273000;100.00;100.00;100.00;33.00;100.00;100.00;100.00;64.00
274000;100.00;100.00;100.00;35.00;100.00;100.00;100.00;64.00
275000;100.00;100.00;100.00;33.00;100.00;100.00;100.00;57.00
276000;100.00;100.00;100.00;34.00;100.00;100.00;100.00;62.00
277000;100.00;100.00;100.00;33.00;100.00;100.00;100.00;65.00
278000;100.00;100.00;100.00;33.00;100.00;100.00;100.00;56.00
279000;100.00;100.00;100.00;34.00;100.00;100.00;100.00;71.00
280000;100.00;100.00;100.00;35.00;100.00;100.00;100.00;70.00
281000;100.00;100.00;100.00;33.00;100.00;100.00;100.00;66.00
282000;100.00;100.00;100.00;33.00;100.00;100.00;100.00;63.00
283000;100.00;100.00;100.00;32.00;100.00;100.00;100.00;64.00
284000;100.00;100.00;100.00;34.00;100.00;100.00;100.00;69.00
285000;100.00;100.00;100.00;33.00;100.00;100.00;100.00;73.00
286000;100.00;100.00;100.00;32.00;100.00;100.00;100.00;79.00
287000;100.00;100.00;100.00;35.00;100.00;100.00;100.00;62.00
288000;100.00;100.00;100.00;33.00;100.00;100.00;100.00;73.00
289000;100.00;100.00;100.00;34.00;100.00;100.00;100.00;72.00
290000;100.00;100.00;100.00;33.00;100.00;100.00;100.00;77.00
291000;100.00;100.00;100.00;33.00;100.00;100.00;100.00;75.00
292000;100.00;100.00;100.00;34.00;100.00;100.00;100.00;76.00
293000;100.00;100.00;100.00;33.00;100.00;100.00;100.00;76.00
294000;100.00;100.00;100.00;32.00;100.00;100.00;100.00;71.00
295000;100.00;100.00;100.00;20.00;100.00;100.00;100.00;65.00
296000;100.00;100.00;100.00;20.00;100.00;100.00;100.00;67.00
297000;100.00;100.00;100.00;20.00;100.00;100.00;100.00;66.00
298000;100.00;100.00;100.00;21.00;100.00;100.00;100.00;76.00
299000;100.00;100.00;100.00;20.00;100.00;100.00;100.00;63.00
300000;100.00;100.00;100.00;21.00;100.00;100.00;100.00;77.00
301000;100.00;100.00;100.00;21.00;100.00;100.00;100.00;58.00
302000;100.00;100.00;100.00;20.00;100.00;100.00;100.00;72.00
303000;100.00;100.00;100.00;20.00;100.00;100.00;100.00;75.00
304000;100.00;100.00;100.00;20.00;100.00;100.00;100.00;94.00
305000;100.00;100.00;100.00;20.00;100.00;100.00;100.00;90.00
306000;100.00;100.00;100.00;19.00;100.00;100.00;100.00;68.00
307000;100.00;100.00;100.00;20.00;100.00;100.00;100.00;64.00
308000;100.00;100.00;100.00;20.00;100.00;100.00;100.00;64.00
309000;100.00;100.00;100.00;20.00;100.00;100.00;100.00;75.00
310000;100.00;100.00;100.00;20.00;100.00;100.00;100.00;80.00
311000;100.00;100.00;100.00;20.00;100.00;100.00;100.00;89.00
312000;100.00;100.00;100.00;22.00;100.00;100.00;100.00;94.00
313000;100.00;100.00;100.00;34.00;100.00;100.00;100.00;93.00
314000;100.00;100.00;100.00;24.00;100.00;100.00;100.00;72.00
315000;100.00;100.00;100.00;22.00;100.00;100.00;100.00;68.00
316000;100.00;100.00;100.00;22.00;100.00;100.00;100.00;75.00
317000;100.00;100.00;100.00;25.00;100.00;100.00;100.00;77.00
318000;100.00;100.00;100.00;22.00;100.00;100.00;100.00;90.00
319000;100.00;100.00;100.00;20.00;100.00;100.00;100.00;91.00
320000;100.00;100.00;100.00;20.00;100.00;100.00;100.00;75.00
321000;100.00;100.00;100.00;19.00;100.00;100.00;100.00;72.00
322000;100.00;100.00;100.00;20.00;100.00;100.00;100.00;71.00
323000;100.00;100.00;100.00;19.00;100.00;100.00;100.00;84.00
324000;100.00;100.00;100.00;19.00;100.00;100.00;100.00;93.00
325000;100.00;100.00;100.00;20.00;100.00;100.00;100.00;91.00
326000;100.00;100.00;100.00;16.00;100.00;100.00;100.00;73.00
327000;100.00;100.00;100.00;16.00;100.00;100.00;100.00;74.00
328000;100.00;100.00;100.00;15.00;100.00;100.00;100.00;80.00
329000;100.00;100.00;100.00;15.00;100.00;100.00;100.00;77.00
330000;100.00;100.00;100.00;16.00;100.00;100.00;100.00;75.00
331000;100.00;100.00;100.00;14.00;100.00;100.00;100.00;71.00
332000;100.00;100.00;100.00;16.00;100.00;100.00;100.00;73.00
333000;100.00;100.00;100.00;15.00;100.00;100.00;100.00;82.00
334000;100.00;100.00;100.00;15.00;100.00;100.00;100.00;69.00
335000;100.00;100.00;100.00;14.00;100.00;100.00;100.00;80.00
336000;100.00;100.00;100.00;14.00;100.00;100.00;100.00;95.00
337000;100.00;100.00;100.00;14.00;100.00;100.00;100.00;95.00
338000;100.00;100.00;100.00;11.00;100.00;100.00;100.00;90.00
339000;100.00;100.00;100.00;13.00;100.00;100.00;100.00;70.00
340000;100.00;100.00;100.00;13.00;100.00;100.00;100.00;71.00
341000;100.00;100.00;100.00;11.00;100.00;100.00;100.00;71.00
342000;100.00;100.00;100.00;11.00;100.00;100.00;100.00;86.00
343000;100.00;100.00;100.00;11.00;100.00;100.00;100.00;98.00
344000;100.00;100.00;100.00;13.00;100.00;100.00;100.00;90.00
345000;100.00;100.00;100.00;10.00;100.00;100.00;100.00;76.00
346000;100.00;100.00;100.00;8.00;100.00;100.00;100.00;77.00
347000;100.00;100.00;100.00;10.00;100.00;100.00;100.00;79.00
348000;100.00;100.00;100.00;9.00;100.00;100.00;100.00;71.00
349000;100.00;100.00;100.00;8.00;100.00;100.00;100.00;78.00
350000;100.00;100.00;100.00;8.00;100.00;100.00;100.00;91.00
351000;100.00;100.00;100.00;7.00;100.00;100.00;100.00;88.00
352000;100.00;100.00;100.00;7.00;100.00;100.00;100.00;67.00
353000;100.00;100.00;100.00;6.00;100.00;100.00;100.00;68.00
354000;100.00;100.00;100.00;7.00;100.00;100.00;100.00;62.00
355000;100.00;100.00;100.00;6.00;100.00;100.00;100.00;76.00
356000;100.00;100.00;100.00;7.00;100.00;100.00;100.00;82.00
357000;100.00;100.00;100.00;5.00;100.00;100.00;100.00;78.00
358000;100.00;100.00;100.00;5.00;100.00;100.00;100.00;62.00
359000;100.00;100.00;100.00;4.00;100.00;100.00;100.00;73.00
360000;100.00;100.00;100.00;3.00;100.00;100.00;100.00;73.00
361000;100.00;100.00;100.00;6.00;100.00;100.00;100.00;70.00
362000;100.00;100.00;100.00;1.00;100.00;100.00;100.00;71.00
363000;100.00;100.00;100.00;6.00;100.00;100.00;100.00;90.00
364000;100.00;100.00;100.00;9.00;100.00;100.00;100.00;89.00
365000;100.00;100.00;100.00;6.00;100.00;100.00;100.00;66.00
366000;100.00;100.00;100.00;11.00;100.00;100.00;100.00;80.00
367000;100.00;100.00;100.00;13.00;100.00;100.00;100.00;67.00
368000;100.00;100.00;100.00;20.00;100.00;100.00;100.00;71.00
369000;100.00;100.00;100.00;30.00;100.00;100.00;100.00;79.00
370000;100.00;100.00;100.00;50.00;100.00;100.00;100.00;88.00
371000;100.00;100.00;100.00;36.00;100.00;100.00;100.00;92.00
372000;100.00;100.00;100.00;50.00;100.00;100.00;100.00;74.00
373000;100.00;100.00;100.00;42.00;100.00;100.00;100.00;69.00
374000;100.00;100.00;100.00;36.00;100.00;100.00;100.00;69.00
375000;100.00;100.00;100.00;48.00;100.00;100.00;100.00;96.00
376000;100.00;100.00;100.00;50.00;100.00;100.00;100.00;91.00
377000;100.00;100.00;100.00;50.00;100.00;100.00;100.00;72.00
378000;100.00;100.00;100.00;51.00;100.00;100.00;100.00;67.00
379000;100.00;100.00;100.00;50.00;100.00;100.00;100.00;60.00
380000;100.00;100.00;100.00;50.00;100.00;100.00;100.00;71.00
381000;100.00;100.00;100.00;50.00;100.00;100.00;100.00;74.00
382000;100.00;100.00;100.00;37.00;100.00;100.00;100.00;88.00
383000;100.00;100.00;100.00;50.00;100.00;100.00;100.00;91.00
384000;100.00;100.00;100.00;44.00;100.00;100.00;100.00;92.00
385000;100.00;100.00;100.00;48.00;100.00;100.00;100.00;65.00
386000;100.00;100.00;100.00;50.00;100.00;100.00;100.00;69.00
387000;100.00;100.00;100.00;48.00;100.00;100.00;100.00;67.00
388000;100.00;100.00;100.00;51.00;100.00;100.00;100.00;85.00
389000;100.00;100.00;100.00;49.00;100.00;100.00;100.00;94.00
390000;100.00;100.00;100.00;50.00;100.00;100.00;100.00;83.00
391000;100.00;100.00;100.00;48.00;100.00;100.00;100.00;71.00
392000;100.00;100.00;100.00;48.00;100.00;100.00;100.00;73.00
393000;100.00;100.00;100.00;50.00;100.00;100.00;100.00;70.00
394000;100.00;100.00;100.00;50.00;100.00;100.00;100.00;66.00
395000;100.00;100.00;100.00;49.00;100.00;100.00;100.00;77.00
396000;100.00;100.00;100.00;50.00;100.00;100.00;100.00;89.00
397000;100.00;100.00;100.00;49.00;100.00;100.00;100.00;93.00
398000;100.00;100.00;100.00;50.00;100.00;100.00;100.00;62.00
399000;100.00;100.00;100.00;50.00;100.00;100.00;100.00;73.00
400000;100.00;100.00;100.00;48.00;100.00;100.00;100.00;80.00
401000;100.00;100.00;100.00;49.00;100.00;100.00;100.00;71.00
402000;100.00;100.00;100.00;47.00;100.00;100.00;100.00;81.00
403000;100.00;100.00;100.00;49.00;100.00;100.00;100.00;95.00
404000;100.00;100.00;100.00;49.00;100.00;100.00;100.00;88.00
405000;100.00;100.00;100.00;50.00;100.00;100.00;100.00;89.00
406000;100.00;100.00;100.00;50.00;100.00;100.00;100.00;80.00
407000;100.00;100.00;100.00;50.00;100.00;100.00;100.00;80.00
408000;100.00;100.00;100.00;51.00;100.00;100.00;100.00;74.00
409000;100.00;100.00;100.00;49.00;100.00;100.00;100.00;86.00
410000;100.00;100.00;100.00;50.00;100.00;100.00;100.00;96.00
411000;100.00;100.00;100.00;50.00;100.00;100.00;100.00;66.00
412000;100.00;100.00;100.00;50.00;100.00;100.00;100.00;72.00
413000;100.00;100.00;100.00;49.00;100.00;100.00;100.00;74.00
414000;100.00;100.00;100.00;51.00;100.00;100.00;100.00;68.00
415000;100.00;100.00;100.00;50.00;100.00;100.00;100.00;74.00
416000;100.00;100.00;100.00;49.00;100.00;100.00;100.00;93.00
417000;100.00;100.00;100.00;51.00;100.00;100.00;100.00;92.00
418000;100.00;100.00;100.00;50.00;100.00;100.00;100.00;79.00
419000;100.00;100.00;100.00;51.00;100.00;100.00;100.00;79.00
420000;100.00;100.00;100.00;49.00;100.00;100.00;100.00;84.00
421000;100.00;100.00;100.00;52.00;100.00;100.00;100.00;82.00
422000;100.00;100.00;100.00;48.00;100.00;100.00;100.00;87.00
423000;100.00;100.00;100.00;49.00;100.00;100.00;100.00;72.00
424000;100.00;100.00;100.00;50.00;100.00;100.00;100.00;78.00
425000;100.00;100.00;100.00;50.00;100.00;100.00;100.00;68.00
426000;100.00;100.00;100.00;50.00;100.00;100.00;100.00;83.00
427000;100.00;100.00;100.00;50.00;100.00;100.00;100.00;85.00
428000;100.00;100.00;100.00;49.00;100.00;100.00;100.00;90.00
429000;100.00;100.00;100.00;50.00;100.00;100.00;100.00;92.00
430000;100.00;100.00;100.00;51.00;100.00;100.00;100.00;93.00
431000;100.00;100.00;100.00;49.00;100.00;100.00;100.00;78.00
432000;100.00;100.00;100.00;49.00;100.00;100.00;100.00;78.00
433000;100.00;100.00;100.00;51.00;100.00;100.00;100.00;76.00
434000;100.00;100.00;100.00;50.00;100.00;100.00;100.00;91.00
435000;100.00;100.00;100.00;50.00;100.00;100.00;100.00;89.00
436000;100.00;100.00;100.00;49.00;100.00;100.00;100.00;96.00
437000;100.00;100.00;100.00;49.00;100.00;100.00;100.00;80.00
438000;100.00;100.00;100.00;48.00;100.00;100.00;100.00;74.00
439000;100.00;100.00;100.00;49.00;100.00;100.00;100.00;68.00
440000;100.00;100.00;100.00;49.00;100.00;100.00;100.00;79.00
441000;100.00;100.00;100.00;50.00;100.00;100.00;100.00;82.00
442000;100.00;100.00;100.00;50.00;100.00;100.00;100.00;92.00
443000;100.00;100.00;100.00;51.00;100.00;100.00;100.00;91.00
444000;100.00;100.00;100.00;48.00;100.00;100.00;100.00;77.00
445000;100.00;100.00;100.00;49.00;100.00;100.00;100.00;81.00
446000;100.00;100.00;100.00;50.00;100.00;100.00;100.00;81.00
447000;100.00;100.00;100.00;50.00;100.00;100.00;100.00;85.00
448000;100.00;100.00;100.00;50.00;100.00;100.00;100.00;88.00
449000;100.00;100.00;100.00;50.00;100.00;100.00;100.00;87.00
450000;100.00;100.00;100.00;50.00;100.00;100.00;100.00;82.00
451000;100.00;100.00;100.00;50.00;100.00;100.00;100.00;86.00
452000;100.00;100.00;100.00;50.00;100.00;100.00;100.00;83.00
453000;100.00;100.00;100.00;50.00;100.00;100.00;100.00;81.00
454000;100.00;100.00;100.00;51.00;100.00;100.00;100.00;79.00
455000;100.00;100.00;100.00;50.00;100.00;100.00;100.00;89.00
456000;100.00;100.00;100.00;50.00;100.00;100.00;100.00;92.00
457000;100.00;100.00;100.00;50.00;100.00;100.00;100.00;78.00
458000;100.00;100.00;100.00;51.00;100.00;100.00;100.00;79.00
459000;100.00;100.00;100.00;51.00;100.00;100.00;100.00;79.00
460000;100.00;100.00;100.00;49.00;100.00;100.00;100.00;87.00
461000;100.00;100.00;100.00;48.00;100.00;100.00;100.00;90.00
462000;100.00;100.00;100.00;50.00;100.00;100.00;100.00;80.00
463000;100.00;100.00;100.00;50.00;100.00;100.00;100.00;83.00
464000;100.00;100.00;100.00;50.00;100.00;100.00;100.00;78.00
465000;100.00;100.00;100.00;50.00;100.00;100.00;100.00;82.00
466000;100.00;100.00;100.00;51.00;100.00;100.00;100.00;84.00
467000;100.00;100.00;100.00;50.00;100.00;100.00;100.00;92.00
468000;100.00;100.00;100.00;50.00;100.00;100.00;100.00;90.00
469000;100.00;100.00;100.00;50.00;100.00;100.00;100.00;72.00
470000;100.00;100.00;100.00;50.00;100.00;100.00;100.00;83.00
471000;100.00;100.00;100.00;49.00;100.00;100.00;100.00;87.00
472000;100.00;100.00;100.00;50.00;100.00;100.00;100.00;89.00
473000;100.00;100.00;100.00;51.00;100.00;100.00;100.00;88.00
474000;100.00;100.00;100.00;50.00;100.00;100.00;100.00;94.00
475000;100.00;100.00;100.00;50.00;100.00;100.00;100.00;96.00
476000;100.00;100.00;100.00;51.00;100.00;100.00;100.00;95.00
477000;100.00;100.00;100.00;49.00;100.00;100.00;100.00;89.00
478000;100.00;100.00;100.00;52.00;100.00;100.00;100.00;88.00
479000;100.00;100.00;100.00;50.00;100.00;100.00;100.00;94.00
480000;100.00;100.00;100.00;50.00;100.00;100.00;100.00;87.00
481000;100.00;100.00;100.00;50.00;100.00;100.00;100.00;94.00
482000;100.00;100.00;100.00;50.00;100.00;100.00;100.00;87.00
483000;100.00;100.00;100.00;50.00;100.00;100.00;100.00;85.00
484000;100.00;100.00;100.00;49.00;100.00;100.00;100.00;92.00
485000;100.00;100.00;100.00;50.00;100.00;100.00;100.00;93.00
486000;100.00;100.00;100.00;50.00;100.00;100.00;100.00;79.00
487000;100.00;100.00;100.00;49.00;100.00;100.00;100.00;96.00
488000;100.00;100.00;100.00;49.00;100.00;100.00;100.00;95.00
489000;100.00;100.00;100.00;50.00;100.00;100.00;100.00;84.00
490000;100.00;100.00;100.00;49.00;100.00;100.00;100.00;93.00
491000;100.00;100.00;100.00;50.00;100.00;100.00;100.00;90.00
492000;100.00;100.00;100.00;48.00;100.00;100.00;100.00;89.00
493000;100.00;100.00;100.00;34.00;100.00;100.00;100.00;89.00
494000;100.00;100.00;100.00;34.00;100.00;100.00;100.00;86.00
495000;100.00;100.00;100.00;34.00;100.00;100.00;100.00;90.00
496000;100.00;100.00;100.00;34.00;100.00;100.00;100.00;92.00
497000;100.00;100.00;100.00;34.00;100.00;100.00;100.00;87.00
498000;100.00;100.00;100.00;33.00;100.00;100.00;100.00;96.00
499000;100.00;100.00;100.00;34.00;100.00;100.00;100.00;86.00
500000;100.00;100.00;100.00;34.00;100.00;100.00;100.00;82.00
501000;100.00;100.00;100.00;33.00;100.00;100.00;100.00;93.00
502000;100.00;100.00;100.00;33.00;100.00;100.00;100.00;88.00
503000;100.00;100.00;100.00;35.00;100.00;100.00;100.00;98.00
504000;100.00;100.00;100.00;33.00;100.00;100.00;100.00;92.00
505000;100.00;100.00;100.00;35.00;100.00;100.00;100.00;90.00
506000;100.00;100.00;100.00;40.00;100.00;100.00;100.00;87.00
507000;100.00;100.00;100.00;35.00;100.00;100.00;100.00;87.00
508000;100.00;100.00;100.00;37.00;100.00;100.00;100.00;86.00
509000;100.00;100.00;100.00;37.00;100.00;100.00;100.00;93.00
510000;100.00;100.00;100.00;34.00;100.00;100.00;100.00;79.00
511000;100.00;100.00;100.00;34.00;100.00;100.00;100.00;79.00
512000;100.00;100.00;100.00;33.00;100.00;100.00;100.00;85.00
513000;100.00;100.00;100.00;34.00;100.00;100.00;100.00;82.00
514000;100.00;100.00;100.00;35.00;100.00;100.00;100.00;80.00
515000;100.00;100.00;100.00;34.00;100.00;100.00;100.00;60.00
516000;100.00;100.00;100.00;34.00;100.00;100.00;100.00;75.00
517000;100.00;100.00;100.00;34.00;100.00;100.00;100.00;85.00
518000;100.00;100.00;100.00;34.00;100.00;100.00;100.00;83.00
519000;100.00;100.00;100.00;34.00;100.00;100.00;100.00;79.00
520000;100.00;100.00;100.00;35.00;100.00;100.00;100.00;87.00
521000;100.00;100.00;100.00;35.00;100.00;100.00;100.00;80.00
522000;100.00;100.00;100.00;33.00;100.00;100.00;100.00;66.00
523000;100.00;100.00;100.00;33.00;100.00;100.00;100.00;78.00
524000;100.00;100.00;100.00;35.00;100.00;100.00;100.00;80.00
525000;100.00;100.00;100.00;33.00;100.00;100.00;100.00;75.00
526000;100.00;100.00;100.00;35.00;100.00;100.00;100.00;76.00
527000;100.00;100.00;100.00;34.00;100.00;100.00;100.00;83.00
528000;100.00;100.00;100.00;33.00;100.00;100.00;100.00;78.00
529000;100.00;100.00;100.00;33.00;100.00;100.00;100.00;77.00
530000;100.00;100.00;100.00;34.00;100.00;100.00;100.00;86.00
531000;100.00;100.00;100.00;35.00;100.00;100.00;100.00;84.00
532000;100.00;100.00;100.00;33.00;100.00;100.00;100.00;86.00
533000;100.00;100.00;100.00;36.00;100.00;100.00;100.00;79.00
534000;100.00;100.00;100.00;33.00;100.00;100.00;100.00;79.00
535000;100.00;100.00;100.00;33.00;100.00;100.00;100.00;79.00
536000;100.00;100.00;100.00;33.00;100.00;100.00;100.00;75.00
537000;100.00;100.00;100.00;35.00;100.00;100.00;100.00;81.00
538000;100.00;100.00;100.00;35.00;100.00;100.00;100.00;87.00
539000;100.00;100.00;100.00;33.00;100.00;100.00;100.00;81.00
540000;100.00;100.00;100.00;33.00;100.00;100.00;100.00;85.00
541000;100.00;100.00;100.00;34.00;100.00;100.00;100.00;80.00
542000;100.00;100.00;100.00;34.00;100.00;100.00;100.00;93.00
543000;100.00;100.00;100.00;35.00;100.00;100.00;100.00;92.00
544000;100.00;100.00;100.00;33.00;100.00;100.00;100.00;85.00
545000;100.00;100.00;100.00;33.00;100.00;100.00;100.00;89.00
546000;100.00;100.00;100.00;35.00;100.00;100.00;100.00;88.00
547000;100.00;100.00;100.00;33.00;100.00;100.00;100.00;90.00
548000;100.00;100.00;100.00;36.00;100.00;100.00;100.00;85.00
549000;100.00;100.00;100.00;34.00;100.00;100.00;100.00;83.00
550000;100.00;100.00;100.00;35.00;100.00;100.00;100.00;89.00
551000;100.00;100.00;100.00;33.00;100.00;100.00;100.00;88.00
552000;100.00;100.00;100.00;33.00;100.00;100.00;100.00;88.00
553000;100.00;100.00;100.00;38.00;100.00;100.00;100.00;92.00
554000;100.00;100.00;100.00;37.00;100.00;100.00;100.00;88.00
555000;100.00;100.00;100.00;34.00;100.00;100.00;100.00;91.00
556000;100.00;100.00;100.00;33.00;100.00;100.00;100.00;84.00
557000;100.00;100.00;100.00;33.00;100.00;100.00;100.00;93.00
558000;100.00;100.00;100.00;33.00;100.00;100.00;100.00;98.00
559000;100.00;100.00;100.00;40.00;100.00;100.00;100.00;94.00
560000;100.00;100.00;100.00;36.00;100.00;100.00;100.00;86.00
561000;100.00;100.00;100.00;34.00;100.00;100.00;100.00;93.00
562000;100.00;100.00;100.00;33.00;100.00;100.00;100.00;82.00
563000;100.00;100.00;100.00;35.00;100.00;100.00;100.00;92.00
564000;100.00;100.00;100.00;33.00;100.00;100.00;100.00;93.00
565000;100.00;100.00;100.00;37.00;100.00;100.00;100.00;96.00
566000;100.00;100.00;100.00;35.00;100.00;100.00;100.00;90.00
567000;100.00;100.00;100.00;35.00;100.00;100.00;100.00;97.00
568000;100.00;100.00;100.00;33.00;100.00;100.00;100.00;99.00
569000;100.00;100.00;100.00;33.00;100.00;100.00;100.00;98.00
570000;100.00;100.00;100.00;34.00;100.00;100.00;100.00;93.00
571000;100.00;100.00;100.00;35.00;100.00;100.00;100.00;98.00
572000;100.00;100.00;100.00;34.00;100.00;100.00;100.00;93.00
573000;100.00;100.00;100.00;33.00;100.00;100.00;100.00;93.00
574000;100.00;100.00;100.00;33.00;100.00;100.00;100.00;87.00
575000;100.00;100.00;100.00;34.00;100.00;100.00;100.00;87.00
576000;100.00;100.00;100.00;35.00;100.00;100.00;100.00;88.00
577000;100.00;100.00;100.00;37.00;100.00;100.00;100.00;92.00
578000;100.00;100.00;100.00;33.00;100.00;100.00;100.00;92.00
579000;100.00;100.00;100.00;35.00;100.00;100.00;100.00;96.00
580000;100.00;100.00;100.00;33.00;100.00;100.00;100.00;89.00
581000;100.00;100.00;100.00;56.00;100.00;100.00;100.00;87.00
582000;100.00;100.00;100.00;36.00;100.00;100.00;100.00;90.00
583000;100.00;100.00;100.00;38.00;100.00;100.00;100.00;96.00
584000;100.00;100.00;100.00;37.00;100.00;100.00;100.00;93.00
585000;100.00;100.00;100.00;35.00;100.00;100.00;100.00;100.00
586000;100.00;100.00;100.00;33.00;100.00;100.00;100.00;89.00
587000;100.00;100.00;100.00;32.00;100.00;100.00;100.00;91.00
588000;100.00;100.00;100.00;34.00;100.00;100.00;100.00;95.00
589000;100.00;100.00;100.00;26.00;100.00;100.00;100.00;86.00
590000;100.00;100.00;100.00;26.00;100.00;100.00;100.00;98.00
591000;100.00;100.00;100.00;28.00;100.00;100.00;100.00;94.00
592000;100.00;100.00;100.00;26.00;100.00;100.00;100.00;95.00
593000;100.00;100.00;100.00;25.00;100.00;100.00;100.00;97.00
594000;100.00;100.00;100.00;25.00;100.00;100.00;100.00;98.00
595000;100.00;100.00;100.00;26.00;100.00;100.00;100.00;93.00
596000;100.00;100.00;100.00;28.00;100.00;100.00;100.00;93.00
597000;100.00;100.00;100.00;26.00;100.00;100.00;100.00;85.00
598000;100.00;100.00;100.00;25.00;100.00;100.00;100.00;100.00
599000;100.00;100.00;100.00;26.00;100.00;100.00;100.00;97.00
600000;100.00;100.00;100.00;25.00;100.00;100.00;100.00;99.00
601000;100.00;100.00;100.00;25.00;100.00;100.00;100.00;95.00
602000;100.00;100.00;100.00;24.00;100.00;100.00;100.00;97.00
603000;100.00;100.00;100.00;27.00;100.00;100.00;100.00;96.00
604000;100.00;100.00;100.00;27.00;100.00;100.00;100.00;95.00
605000;100.00;100.00;100.00;26.00;100.00;100.00;100.00;91.00
606000;100.00;100.00;100.00;28.00;100.00;100.00;100.00;89.00
607000;100.00;100.00;100.00;27.00;100.00;100.00;100.00;82.00
608000;100.00;100.00;100.00;25.00;100.00;100.00;100.00;84.00
609000;100.00;100.00;100.00;26.00;100.00;100.00;100.00;87.00
610000;100.00;100.00;100.00;26.00;100.00;100.00;100.00;77.00
611000;100.00;100.00;100.00;27.00;100.00;100.00;100.00;74.00
612000;100.00;100.00;100.00;25.00;100.00;100.00;100.00;73.00
613000;100.00;100.00;100.00;26.00;100.00;100.00;100.00;75.00
614000;100.00;100.00;100.00;25.00;100.00;100.00;100.00;78.00
615000;100.00;100.00;100.00;25.00;100.00;100.00;100.00;76.00
616000;100.00;100.00;100.00;27.00;100.00;100.00;100.00;66.00
617000;100.00;100.00;100.00;24.00;100.00;100.00;100.00;78.00
618000;100.00;100.00;100.00;25.00;100.00;100.00;100.00;76.00
619000;100.00;100.00;100.00;26.00;100.00;100.00;100.00;70.00
620000;100.00;100.00;100.00;27.00;100.00;100.00;100.00;68.00
621000;100.00;100.00;100.00;25.00;100.00;100.00;100.00;71.00
622000;100.00;100.00;100.00;25.00;100.00;100.00;100.00;74.00
623000;100.00;100.00;100.00;25.00;100.00;100.00;100.00;82.00
624000;100.00;100.00;100.00;25.00;100.00;100.00;100.00;70.00
625000;100.00;100.00;100.00;28.00;100.00;100.00;100.00;68.00
626000;100.00;100.00;100.00;24.00;100.00;100.00;100.00;79.00
627000;100.00;100.00;100.00;25.00;100.00;100.00;100.00;74.00
628000;100.00;100.00;100.00;26.00;100.00;100.00;100.00;76.00
629000;100.00;100.00;100.00;26.00;100.00;100.00;100.00;74.00
630000;100.00;100.00;100.00;20.00;100.00;100.00;100.00;79.00
631000;100.00;100.00;100.00;20.00;100.00;100.00;100.00;77.00
632000;100.00;100.00;100.00;20.00;100.00;100.00;100.00;79.00
633000;100.00;100.00;100.00;22.00;100.00;100.00;100.00;86.00
634000;100.00;100.00;100.00;22.00;100.00;100.00;100.00;83.00
635000;100.00;100.00;100.00;22.00;100.00;100.00;100.00;86.00
636000;100.00;100.00;100.00;20.00;100.00;100.00;100.00;77.00
637000;100.00;100.00;100.00;22.00;100.00;100.00;100.00;81.00
638000;100.00;100.00;100.00;20.00;100.00;100.00;100.00;86.00
639000;100.00;100.00;100.00;20.00;100.00;100.00;100.00;75.00
640000;100.00;100.00;100.00;21.00;100.00;100.00;100.00;84.00
641000;100.00;100.00;100.00;22.00;100.00;100.00;100.00;84.00
642000;100.00;100.00;100.00;21.00;100.00;100.00;100.00;78.00
643000;100.00;100.00;100.00;22.00;100.00;100.00;100.00;90.00
644000;100.00;100.00;100.00;20.00;100.00;100.00;100.00;83.00
645000;100.00;100.00;100.00;19.00;100.00;100.00;100.00;88.00
646000;100.00;100.00;100.00;20.00;100.00;100.00;100.00;83.00
647000;100.00;100.00;100.00;24.00;100.00;100.00;100.00;78.00
648000;100.00;100.00;100.00;22.00;100.00;100.00;100.00;90.00
649000;100.00;100.00;100.00;26.00;100.00;100.00;100.00;76.00
650000;100.00;100.00;100.00;24.00;100.00;100.00;100.00;83.00
651000;100.00;100.00;100.00;27.00;100.00;100.00;100.00;80.00
652000;100.00;100.00;100.00;17.00;100.00;100.00;100.00;84.00
653000;100.00;100.00;100.00;17.00;100.00;100.00;100.00;75.00
654000;100.00;100.00;100.00;17.00;100.00;100.00;100.00;81.00
655000;100.00;100.00;100.00;19.00;100.00;100.00;100.00;82.00
656000;100.00;100.00;100.00;17.00;100.00;100.00;100.00;82.00
657000;100.00;100.00;100.00;18.00;100.00;100.00;100.00;83.00
658000;100.00;100.00;100.00;19.00;100.00;100.00;100.00;77.00
659000;100.00;100.00;100.00;19.00;100.00;100.00;100.00;81.00
660000;100.00;100.00;100.00;17.00;100.00;100.00;100.00;85.00
661000;100.00;100.00;100.00;18.00;100.00;100.00;100.00;81.00
662000;100.00;100.00;100.00;18.00;100.00;100.00;100.00;73.00
663000;100.00;100.00;100.00;17.00;100.00;100.00;100.00;78.00
664000;100.00;100.00;100.00;17.00;100.00;100.00;100.00;71.00
665000;100.00;100.00;100.00;17.00;100.00;100.00;100.00;77.00
666000;100.00;100.00;100.00;16.00;100.00;100.00;100.00;80.00
667000;100.00;100.00;100.00;15.00;100.00;100.00;100.00;85.00
668000;100.00;100.00;100.00;17.00;100.00;100.00;100.00;78.00
669000;100.00;100.00;100.00;17.00;100.00;100.00;100.00;80.00
670000;100.00;100.00;100.00;16.00;100.00;100.00;100.00;77.00
671000;100.00;100.00;100.00;15.00;100.00;100.00;100.00;74.00
672000;100.00;100.00;100.00;14.00;100.00;100.00;100.00;91.00
673000;100.00;100.00;100.00;15.00;100.00;100.00;100.00;72.00
674000;100.00;100.00;100.00;16.00;100.00;100.00;100.00;72.00
675000;100.00;100.00;100.00;16.00;100.00;100.00;100.00;73.00
676000;100.00;100.00;100.00;15.00;100.00;100.00;100.00;86.00
677000;100.00;100.00;100.00;13.00;100.00;100.00;100.00;86.00
678000;100.00;100.00;100.00;13.00;100.00;100.00;100.00;85.00
679000;100.00;100.00;100.00;15.00;100.00;100.00;100.00;84.00
680000;100.00;100.00;100.00;14.00;100.00;100.00;100.00;80.00
681000;100.00;100.00;100.00;13.00;100.00;100.00;100.00;87.00
682000;100.00;100.00;100.00;14.00;100.00;100.00;100.00;78.00
683000;100.00;100.00;100.00;13.00;100.00;100.00;100.00;77.00
684000;100.00;100.00;100.00;13.00;100.00;100.00;100.00;74.00
685000;100.00;100.00;100.00;13.00;100.00;100.00;100.00;82.00
686000;100.00;100.00;100.00;12.00;100.00;100.00;100.00;90.00
687000;100.00;100.00;100.00;11.00;100.00;100.00;100.00;89.00
688000;100.00;100.00;100.00;12.00;100.00;100.00;100.00;78.00
689000;100.00;100.00;100.00;12.00;100.00;100.00;100.00;83.00
690000;100.00;100.00;100.00;10.00;100.00;100.00;100.00;91.00
691000;100.00;100.00;100.00;11.00;100.00;100.00;100.00;71.00
692000;100.00;100.00;100.00;13.00;100.00;100.00;100.00;75.00
693000;100.00;100.00;100.00;11.00;100.00;100.00;100.00;73.00
694000;100.00;100.00;100.00;13.00;100.00;100.00;100.00;82.00
695000;100.00;100.00;100.00;12.00;100.00;100.00;100.00;86.00
696000;100.00;100.00;100.00;13.00;100.00;100.00;100.00;84.00
697000;100.00;100.00;100.00;11.00;100.00;100.00;100.00;86.00
698000;100.00;100.00;100.00;10.00;100.00;100.00;100.00;75.00
699000;100.00;100.00;100.00;13.00;100.00;100.00;100.00;78.00
700000;100.00;100.00;100.00;12.00;100.00;100.00;100.00;83.00
701000;100.00;100.00;100.00;10.00;100.00;100.00;100.00;83.00
702000;100.00;100.00;100.00;10.00;100.00;100.00;100.00;84.00
703000;100.00;100.00;100.00;12.00;100.00;100.00;100.00;79.00
704000;100.00;100.00;100.00;9.00;100.00;100.00;100.00;72.00
705000;100.00;100.00;100.00;12.00;100.00;100.00;100.00;76.00
706000;100.00;100.00;100.00;9.00;100.00;100.00;100.00;79.00
707000;100.00;100.00;100.00;10.00;100.00;100.00;100.00;82.00
708000;100.00;100.00;100.00;9.00;100.00;100.00;100.00;81.00
709000;100.00;100.00;100.00;31.00;100.00;100.00;100.00;83.00
710000;100.00;100.00;100.00;14.00;100.00;100.00;100.00;77.00
711000;100.00;100.00;100.00;13.00;100.00;100.00;100.00;85.00
712000;100.00;100.00;100.00;10.00;100.00;100.00;100.00;75.00
713000;100.00;100.00;100.00;9.00;100.00;100.00;100.00;87.00
714000;100.00;100.00;100.00;6.00;100.00;100.00;100.00;83.00
715000;100.00;100.00;100.00;8.00;100.00;100.00;100.00;83.00
716000;100.00;100.00;100.00;7.00;100.00;100.00;100.00;82.00
717000;100.00;100.00;100.00;10.00;100.00;100.00;100.00;83.00
718000;100.00;100.00;100.00;4.00;100.00;100.00;100.00;68.00
719000;100.00;100.00;100.00;10.00;100.00;100.00;100.00;83.00
720000;100.00;100.00;100.00;7.00;100.00;100.00;100.00;89.00
721000;100.00;100.00;100.00;5.00;100.00;100.00;100.00;81.00
722000;100.00;100.00;100.00;5.00;100.00;100.00;100.00;79.00
723000;100.00;100.00;100.00;3.00;100.00;100.00;100.00;71.00
724000;100.00;100.00;100.00;5.00;100.00;100.00;100.00;75.00
725000;100.00;100.00;100.00;7.00;100.00;100.00;100.00;88.00
726000;100.00;100.00;100.00;8.00;100.00;100.00;100.00;78.00
727000;100.00;100.00;100.00;5.00;100.00;100.00;100.00;73.00
728000;100.00;100.00;100.00;2.00;100.00;100.00;100.00;65.00
729000;100.00;100.00;100.00;4.00;100.00;100.00;100.00;85.00
730000;100.00;100.00;100.00;7.00;100.00;100.00;100.00;80.00
731000;100.00;100.00;100.00;28.00;100.00;100.00;100.00;90.00
732000;100.00;100.00;100.00;88.00;100.00;100.00;100.00;94.00
733000;100.00;100.00;100.00;58.00;100.00;100.00;100.00;81.00
734000;100.00;100.00;100.00;24.00;100.00;100.00;100.00;81.00
735000;100.00;100.00;100.00;65.00;100.00;100.00;100.00;75.00
736000;100.00;100.00;100.00;100.00;100.00;100.00;100.00;74.00
737000;100.00;100.00;100.00;43.00;100.00;100.00;100.00;79.00
738000;100.00;100.00;100.00;66.00;100.00;100.00;100.00;93.00
739000;100.00;100.00;100.00;59.00;100.00;100.00;100.00;86.00
740000;100.00;100.00;100.00;81.00;100.00;100.00;100.00;73.00
741000;100.00;100.00;100.00;60.00;100.00;100.00;100.00;70.00
742000;100.00;100.00;100.00;89.00;100.00;100.00;100.00;72.00
743000;100.00;100.00;100.00;77.00;100.00;100.00;100.00;76.00
744000;100.00;100.00;100.00;78.00;100.00;100.00;100.00;82.00
745000;100.00;100.00;100.00;75.00;100.00;100.00;100.00;85.00
746000;100.00;100.00;100.00;67.00;100.00;100.00;100.00;82.00
747000;100.00;100.00;100.00;52.00;100.00;100.00;100.00;83.00
748000;100.00;100.00;100.00;95.00;100.00;100.00;100.00;79.00
749000;100.00;100.00;100.00;75.00;100.00;100.00;100.00;75.00
750000;100.00;100.00;100.00;85.00;100.00;100.00;100.00;88.00
751000;100.00;100.00;100.00;100.00;100.00;100.00;100.00;79.00
752000;100.00;100.00;100.00;80.00;100.00;100.00;100.00;89.00
753000;100.00;100.00;100.00;87.00;100.00;100.00;100.00;90.00
754000;100.00;100.00;100.00;89.00;100.00;100.00;100.00;81.00
755000;100.00;100.00;100.00;97.00;100.00;100.00;100.00;91.00
756000;100.00;100.00;100.00;100.00;100.00;100.00;100.00;84.00
757000;100.00;100.00;100.00;99.00;100.00;100.00;100.00;88.00
758000;100.00;100.00;100.00;100.00;100.00;100.00;100.00;77.00
759000;100.00;100.00;100.00;92.00;100.00;100.00;100.00;85.00
760000;100.00;100.00;100.00;100.00;100.00;100.00;100.00;76.00
761000;100.00;100.00;100.00;93.00;100.00;100.00;100.00;76.00
762000;100.00;100.00;100.00;99.00;100.00;100.00;100.00;85.00
763000;100.00;100.00;100.00;100.00;100.00;100.00;100.00;80.00
764000;100.00;100.00;100.00;90.00;100.00;100.00;100.00;86.00
765000;100.00;100.00;100.00;82.00;100.00;100.00;100.00;78.00
766000;100.00;100.00;100.00;80.00;100.00;100.00;100.00;88.00
767000;100.00;100.00;100.00;84.00;100.00;100.00;100.00;94.00
768000;100.00;100.00;100.00;100.00;100.00;100.00;100.00;87.00
769000;100.00;100.00;100.00;99.00;100.00;100.00;100.00;88.00
770000;100.00;100.00;100.00;92.00;100.00;100.00;100.00;86.00
771000;100.00;100.00;100.00;97.00;100.00;100.00;100.00;91.00
772000;100.00;100.00;100.00;92.00;100.00;100.00;100.00;88.00
773000;100.00;100.00;100.00;91.00;100.00;100.00;100.00;94.00
774000;100.00;100.00;100.00;95.00;100.00;100.00;100.00;85.00
775000;100.00;100.00;100.00;100.00;100.00;100.00;100.00;97.00
776000;100.00;100.00;100.00;100.00;100.00;100.00;100.00;87.00
777000;100.00;100.00;100.00;100.00;100.00;100.00;100.00;84.00
778000;100.00;100.00;100.00;90.00;100.00;100.00;100.00;86.00
779000;100.00;100.00;100.00;95.00;100.00;100.00;100.00;91.00
780000;100.00;100.00;100.00;96.00;100.00;100.00;100.00;90.00
781000;100.00;100.00;100.00;99.00;100.00;100.00;100.00;89.00
782000;100.00;100.00;100.00;92.00;100.00;100.00;100.00;86.00
783000;100.00;100.00;100.00;100.00;100.00;100.00;100.00;96.00
784000;100.00;100.00;100.00;100.00;100.00;100.00;100.00;84.00
785000;100.00;100.00;100.00;93.00;100.00;100.00;100.00;90.00
786000;100.00;100.00;100.00;100.00;100.00;100.00;100.00;88.00
787000;100.00;100.00;100.00;91.00;100.00;100.00;100.00;83.00
788000;100.00;100.00;100.00;95.00;100.00;100.00;100.00;85.00
789000;100.00;100.00;100.00;96.00;100.00;100.00;100.00;80.00
790000;100.00;100.00;100.00;91.00;100.00;100.00;100.00;93.00
791000;100.00;100.00;100.00;92.00;100.00;100.00;100.00;92.00
792000;100.00;100.00;100.00;97.00;100.00;100.00;100.00;95.00
793000;100.00;100.00;100.00;96.00;100.00;100.00;100.00;90.00
794000;100.00;100.00;100.00;90.00;100.00;100.00;100.00;85.00
795000;100.00;100.00;100.00;91.00;100.00;100.00;100.00;95.00
796000;100.00;100.00;100.00;93.00;100.00;100.00;100.00;93.00
797000;100.00;100.00;100.00;93.00;100.00;100.00;100.00;91.00
798000;100.00;100.00;100.00;98.00;100.00;100.00;100.00;86.00
799000;100.00;100.00;100.00;95.00;100.00;100.00;100.00;90.00
800000;100.00;100.00;100.00;88.00;100.00;100.00;100.00;81.00
