Clocks;F;F;F;F;F;F;F;F;F;F;F;F;F;F;F;F;F;F;F;F;F;F;F;F;F;F;F;F;F;F;F;F;F;F;F;F;F;F;F;F;F;F;F;F;F;F;F;F;F;F;F;F;F;F;F;F;F;F;F;F;F;F;F;F;F;F;F;F;F;F;F;F;F;F;F;F;F;F;F;F;F;F;F;F;F;F;F;F;F;F;F;F;F;F;F;F;F;F;F;F;F;F;F;F;F;F;F;F;F;F;F;F;F;F;F;F;F;F;F;F;F;F;F;F;F;F;F;F;F;F;F;F;F;F;F;F;F;F;F;F;F;F;F;F;F;F;F;F;F;F;F;F;F;F;F;F;F;F;F;F;F;F;F;F;F;F;F;F;F;F;F;F;F;F;F;F;F;F;F;F;F;F;F;F;F;F;F;F;F;F;F;F;F;F;F;F;F;F;F;F;F;F;F;F;F;F;F;F;F;F;F;F;F;F;F;F;F;F;F;F;F;F;F;F;F;F;F;F;F;F;F;F;F;F;F;F;F;F;F;F;F;F;F;F;F;F;F;F;F;F;F;F;F;F;F;F;F;F;F;F;F;F;F;F;F;F;F;F;F;F;F;F;F;F;F;F;F;F;F;F;F;F;F;F;F;F;F;F;F;F;F;F;F;F;F;F;F;F;F;F;F;F;F;F;F;F;F;F;F;F;F;F;F;F;F;F;F;F;F;F;F;F;F;F;F;F;F;F;F;F;F;F;F;F;F;F;F;F;F;F;F;F;F;F;F;F;F;F;F;F;F;F;F;F;F;F;F;F;F;F;F;F;F;F;F;F;F;F;F;F;F;F;F;F;F;F;F;F;F;F;F;F;F;F;F;F;F;F;F;F;F;F;F;F;F;F;F;F;F;F;F;F;F;F;F;F;F;F;F;F;F;F;F;F;F;F;F;F;F;F;F;F;F;F;F;F;F;F;F;F;F;F;F;F;F;F;F;F;F;F;F;F;F;F;F;F;F;F;F;F;F;F;F;F;F;F;F;F;F;F;F;F;F;F;F;F;F;F;F;F;F;F;F;F;F;F;F;F;F;F;F;F;F;F;F;F;F;F;F;F;F;F;F;F;F;F;F;F;F;F;F;F;F;F;F;F;F;F;F;F;F;F;F;F;F;F;F;F;F;F;F;F;F;F;F;F;F;F;F;F;F;F;F;F;F;F;F;F;F;F;F;F;F;F;F;F;F;F;F;F;F;F;F;F;F;F;F;F;F;F;F;F;F;F;F;F;F;F;F;F;F;F;F;F;F;F;F;F;F;F;F;F;F;F;F;F;F;F;F;F;F;F;F;F;F;F;F;F;F;F;F;F;F;F;F;F;F;F;F;F;F;F;F;F;F;F;F;F;F;F;F;F;F;F;F;F;F;F;F;F;F;F;F;F;F;F;F;F;F;F;F;F;F;F;F;F;F;F;F;F;F;F;F;F;F;F;F;F;F;F;F;F;F;F;F;F;F;F;F;F;F;F;F;F;F;F;F;F;F;F;F;F;F;F;F;F;F;F;F;F;F;F;F;F;F;F;F;F;F;F;F;F;F;F;F;F;F;F;F;F;F;F;F;F;F;F;F;F;F;F;F;F;F;F;F;F;F;F;F;F;F;F;F;F;F;F;F;F;F;F;F;F;F;F;F;F;F;F;F;F;F;F;F;F;F;F;F;F;F;F;F;F;F;F;F;F;F;F;F;F;F;F;F;F;F;F;F;F;F;F;F;F;F;F;F;F;F;F;F;F;F;F;F;F;F;F;F;F;F;F;F;F;F;F;F;F;F;F;F;F;F;F;F;F;F;F;F;F;F;F;F;F;F;F;F;F;F;F;F;F;F;F;F;F;F;F;F;F;F;F;F;F;F;F;F;F;F;F;F;F;F;F;F;F;F;F;F;F;F;F;F;F;F;F;F;F;F;F;F;F;F;F;F;F;F;F;F;F;F;F;F;F;F;F;F;F;F;F;F;F;F;F;F;F;F;F;F;F;F;F;F;F;F;F;F;F;F;F;F;F;F;F;F;F;F;F;F;F;F;F;F;F;F;F;F;F;F;F;F;F;F;F;F;F;F;F;F;F;F;F;F;F;F;F;F;F;F;F;F;F;F;F;F;F;F;F;F;F;F;F;F;F;F;F;F;F;F;F;F;F;F;F;F;F;F;F;F;F;F;F;F;F;F;F;F;F;F;F;F;F;F;F;F;F;F;F;F;F;F;F
0;0;0;0;0;0;0;0;0;0;0;0;0;0;0;0;0;0;0;0;0;0;0;0;0;0;0;0;0;0;0;0;0;0;0;0;0;0;0;0;0;0;0;0;0;0;0;0;0;0;0;0;0;0;0;0;0;0;0;0;0;0;0;0;0;0;0;0;0;0;0;0;0;0;0;0;0;0;0;0;0;0;0;0;0;0;0;0;0;0;0;0;0;0;0;0;0;0;0;0;0;0;0;0;0;0;0;0;0;0;0;0;0;0;0;0;0;0;0;0;0;0;0;0;0;0;0;0;0;0;0;0;0;0;0;0;0;0;0;0;0;0;0;0;0;0;0;0;0;0;0;0;0;0;0;0;0;0;0;0;0;0;0;0;0;0;0;0;0;0;0;0;0;0;0;0;0;0;0;0;0;0;0;0;0;0;0;0;0;0;0;0;0;0;0;0;0;0;0;0;0;0;0;0;0;0;0;0;0;0;0;0;0;0;0;0;0;0;0;0;0;0;0;0;0;0;0;0;0;0;0;0;0;0;0;0;0;0;0;0;0;0;0;0;0;0;0;0;0;0;0;0;0;0;0;0;0;0;0;0;0;0;0;0;0;0;0;0;0;0;0;0;0;0;0;0;0;0;0;0;0;0;0;0;0;0;0;0;0;0;0;0;0;0;0;0;0;0;0;0;0;0;0;0;0;0;0;0;0;0;0;0;0;0;0;0;0;0;0;0;0;0;0;0;0;0;0;0;0;0;0;0;0;0;0;0;0;0;0;0;0;0;0;0;0;0;0;0;0;0;0;0;0;0;0;0;0;0;0;0;0;0;0;0;0;0;0;0;0;0;0;0;0;0;0;0;0;0;0;0;0;0;0;0;0;0;0;0;0;0;0;0;0;0;0;0;0;0;0;0;0;0;0;0;0;0;0;0;0;0;0;0;0;0;0;0;0;0;0;0;0;0;0;0;0;0;0;0;0;0;0;0;0;0;0;0;0;0;0;0;0;0;0;0;0;0;0;0;0;0;0;0;0;0;0;0;0;0;0;0;0;0;0;0;0;0;0;0;0;0;0;0;0;0;0;0;0;0;0;0;0;0;0;0;0;0;0;0;0;0;0;0;0;0;0;0;0;0;0;0;0;0;0;0;0;0;0;0;0;0;0;0;0;0;0;0;0;0;0;0;0;0;0;0;0;0;0;0;0;0;0;0;0;0;0;0;0;0;0;0;0;0;0;0;0;0;0;0;0;0;0;0;0;0;0;0;0;0;0;0;0;0;0;0;0;0;0;0;0;0;0;0;0;0;0;0;0;0;0;0;0;0;0;0;0;0;0;0;0;0;0;0;0;0;0;0;0;0;0;0;0;0;0;0;0;0;0;0;0;0;0;0;0;0;0;0;0;0;0;0;0;0;0;0;0;0;0;0;0;0;0;0;0;0;0;0;0;0;0;0;0;0;0;0;0;0;0;0;0;0;0;0;0;0;0;0;0;0;0;0;0;0;0;0;0;0;0;0;0;0;0;0;0;0;0;0;0;0;0;0;0;0;0;0;0;0;0;0;0;0;0;0;0;0;0;0;0;0;0;0;0;0;0;0;0;0;0;0;0;0;0;0;0;0;0;0;0;0;0;0;0;0;0;0;0;0;0;0;0;0;0;0;0;0;0;0;0;0;0;0;0;0;0;0;0;0;0;0;0;0;0;0;0;0;0;0;0;0;0;0;0;0;0;0;0;0;0;0;0;0;0;0;0;0;0;0;0;0;0;0;0;0;0;0;0;0;0;0;0;0;0;0;0;0;0;0;0;0;0;0;0;0;0;0;0;0;0;0;0;0;0;0;0;0;0;0;0;0;0;0;0;0;0;0;0;0;0;0;0;0;0;0;0;0;0;0;0;0;0;0;0;0;0;0;0;0;0;0;0;0;0;0;0;0;0;0;0;0;0;0;0;0;0;0;0;0;0;0;0;0;0;0;0;0;0;0;0;0;0;0;0;0;0;0;0;0;0;0;0;0;0;0;0;0;0;0;0;0;0;0;0;0;0;0;0;0;0;0;0;0;0;0;0;0;0;0;0;0;0;0;0;0;0;0;0;0;0;0;0;0;0;0;0;0;0;0;0;0;0;0;0;0;0;0;0;0;0;0;0;0;0;0;0;0;0;0;0;0;0;0;0;0;0;0;0;0;0;0;0;0;0;0;0;0;0;0;0;0;0;0;0;0;0;0;0;0;0;0;0;0;0;0;0;0;0;0;0;0;0;0;0
1000000;0;0;1;0;0;0;1;0;0;1;0;0;1;0;0;0;0;0;0;1;1;1;1;1;0;0;0;0;0;0;0;0;0;0;0;0;1;1;1;1;1;0;0;0;0;0;0;0;0;0;0;0;0;1;1;1;1;1;1;1;0;0;0;0;0;0;0;0;1;1;0;0;0;1;0;0;0;0;0;0;0;0;0;0;0;0;0;1;0;0;0;0;0;0;0;0;0;0;0;0;0;1;0;0;0;0;0;0;0;0;1;1;1;1;1;0;0;0;0;1;1;1;0;0;1;1;1;1;1;0;0;0;0;0;0;0;0;0;1;0;0;0;0;0;0;0;0;0;0;0;0;0;1;0;0;0;0;0;0;0;0;0;0;0;0;0;1;0;0;0;0;0;0;1;1;0;0;0;0;0;0;1;0;0;0;0;0;0;0;0;0;0;0;0;0;1;0;0;0;1;1;1;1;0;0;0;0;0;0;0;0;0;1;0;0;0;0;0;0;0;0;0;0;0;0;0;1;0;0;0;0;0;0;0;0;0;0;0;0;0;1;0;0;0;0;0;0;0;0;0;0;0;0;0;1;0;0;0;0;0;0;0;0;0;0;0;0;0;1;0;0;1;1;1;1;1;1;1;1;1;1;0;0;0;0;0;0;0;0;0;1;0;0;0;0;0;0;0;0;0;0;0;1;1;0;1;0;0;1;1;1;1;0;0;0;0;0;0;0;1;1;1;1;0;1;1;0;1;0;0;0;0;0;0;0;0;0;0;0;0;0;1;0;0;0;0;0;0;0;0;0;0;0;0;0;1;0;0;0;0;0;0;0;0;0;0;0;0;0;1;0;0;0;0;0;0;0;0;0;0;0;0;0;1;0;0;0;0;0;0;0;0;0;0;0;0;0;1;0;0;0;0;0;0;0;0;0;0;0;0;0;1;0;0;0;0;0;0;0;0;0;0;0;0;0;1;0;0;0;0;0;0;0;0;0;0;0;0;0;1;0;0;0;0;0;0;0;0;0;0;0;0;0;1;0;0;0;0;0;0;0;0;0;0;0;0;0;1;0;0;0;0;0;0;0;0;0;0;0;0;0;1;0;0;0;0;0;0;0;0;1;1;1;1;1;0;0;0;1;0;0;0;1;1;1;1;0;0;0;0;0;0;0;0;0;1;0;0;0;0;0;0;0;0;0;0;0;0;0;1;0;0;0;0;0;0;0;0;0;0;0;0;0;1;0;0;0;0;0;0;0;0;0;0;0;0;0;1;0;0;0;0;0;0;0;0;0;0;0;0;0;1;0;0;1;1;1;1;1;1;1;1;1;1;0;0;0;0;0;0;0;0;0;1;0;0;0;0;0;0;0;0;0;0;0;0;0;1;0;0;0;0;0;0;0;0;0;0;0;0;0;1;0;0;0;0;0;0;0;0;1;1;0;0;0;0;1;0;0;0;0;0;0;0;0;0;0;0;0;0;1;0;0;0;0;0;0;0;0;0;0;0;0;0;1;0;0;0;0;0;0;0;0;0;1;1;0;0;0;1;0;0;1;1;1;1;1;0;0;0;0;0;0;0;1;1;1;1;0;0;1;0;0;0;0;0;0;0;0;0;0;0;0;0;1;0;0;0;0;0;0;0;0;0;0;0;0;0;1;0;0;0;0;0;0;0;0;0;0;0;0;0;1;0;0;0;0;0;0;0;0;0;0;0;0;0;1;0;0;0;0;0;0;0;0;0;0;0;1;1;0;1;0;0;0;0;0;0;0;0;0;0;0;0;0;1;0;0;0;1;1;0;0;0;0;0;0;0;0;0;1;0;0;0;0;0;0;0;0;0;0;0;0;0;1;0;0;0;0;0;0;0;0;0;0;0;0;0;1;0;0;0;0;0;0;0;0;0;0;0;0;0;1;0;0;0;0;0;0;0;0;0;0;0;0;0;1;1;1;1;1;0;0;0;0;0;0;0;0;0;1;1;1;1;1;0;0;0;1;0;0;0;0;1;1;1;1;0;0;0;0;0;0;0;0;1;0;0;0;0;0;0;0;0;0;0;0;0;0;1;0;0;0;0;0;0;0;0;0;0;0;0;0;1;0;0;0;0;0;0;0;0;0;0;0;0;0;1;0;0;0;0;0;0;0;0;0;0;0;0;0;1;0;0;0;0;0;0;0;0;0;0;0;0;0;1;0;0;0;1;1;0;0;0;0;0;0;0;0;0;1;0;0;0;0;0;0;0;0;0;0;0;0;0;1;0;0;0;0;0
2000000;0;0;0;0;1;0;0;0;0;0;0;1;1;1;1;1;0;0;0;0;0;0;1;0;1;1;0;0;0;0;1;1;1;1;1;1;1;1;1;1;1;1;1;0;0;0;1;1;1;1;1;0;0;0;0;0;0;1;0;0;0;0;0;0;1;0;0;0;0;0;0;1;0;0;0;1;1;0;0;0;1;0;0;0;0;0;0;1;0;0;0;0;0;0;1;0;0;0;0;0;0;1;0;0;0;0;0;0;1;0;0;0;0;0;0;1;0;0;0;0;0;0;1;0;0;0;0;0;0;1;0;1;1;0;0;0;1;1;1;1;1;0;1;0;0;1;1;1;1;0;0;0;0;1;0;0;0;0;0;0;1;0;0;0;0;0;0;1;0;0;0;0;0;0;1;0;0;0;0;0;0;1;0;0;0;0;0;0;1;0;0;0;0;0;0;1;0;0;0;0;0;0;1;0;0;0;0;0;0;1;0;0;0;0;0;0;1;0;0;0;0;0;0;1;0;0;0;0;0;0;1;0;1;1;1;1;1;0;0;0;1;1;1;1;1;0;0;0;0;0;0;1;0;0;0;0;0;0;1;0;0;0;0;0;0;1;0;0;0;0;0;0;1;0;0;0;0;0;0;1;0;0;0;0;0;0;1;0;0;0;0;0;0;1;0;0;1;1;0;0;0;0;1;0;0;0;0;0;0;1;0;0;0;0;0;0;1;0;0;0;0;0;1;1;0;1;0;0;0;0;0;1;1;1;1;1;0;1;0;0;1;1;1;1;0;0;0;1;0;0;0;0;0;0;1;0;0;0;0;0;0;1;0;0;0;0;1;1;0;0;1;0;0;0;0;0;0;1;0;0;0;0;0;0;1;0;0;0;1;1;0;0;0;1;0;0;0;0;0;0;1;0;0;0;0;0;0;1;0;1;1;1;1;1;1;1;0;1;1;1;0;1;1;1;1;1;1;1;1;1;1;0;0;0;1;0;1;0;1;1;1;1;1;1;1;1;1;1;1;1;1;1;1;0;0;0;1;1;1;0;0;1;1;1;1;1;0;0;0;1;1;1;1;1;1;1;1;1;1;1;1;0;0;0;0;0;0;1;1;1;0;0;0;0;0;0;1;1;1;1;1;0;0;0;0;0;0;1;0;0;0;0;0;0;1;0;0;0;0;0;0;1;0;1;1;1;1;1;1;1;1;1;1;0;0;0;0;1;0;0;0;0;0;0;1;0;0;0;0;0;0;1;0;0;0;0;0;0;1;0;0;0;0;0;0;1;0;0;0;0;0;0;1;0;0;0;0;0;1;1;1;1;1;1;0;0;1;1;1;1;0;1;1;0;0;1;0;0;0;0;0;0;1;0;0;0;0;0;0;1;1;1;0;0;0;0;0;0;1;0;0;0;0;0;0;1;0;0;0;0;0;0;1;0;0;0;0;0;0;1;0;0;0;0;0;0;1;0;0;0;0;0;0;1;0;1;1;0;0;0;0;0;1;0;0;0;0;0;0;1;0;0;0;0;0;0;1;0;0;1;1;1;1;1;1;1;1;0;0;0;1;1;1;1;1;0;0;0;0;0;0;1;0;0;0;0;0;0;1;1;1;0;0;0;0;0;0;1;0;0;0;0;0;0;1;0;1;1;1;1;1;1;1;1;1;1;0;0;0;0;1;0;0;0;0;0;0;1;0;0;0;0;0;0;1;0;0;0;0;0;0;1;0;0;0;0;0;0;1;0;0;0;0;0;0;1;0;0;0;0;0;0;1;0;0;0;0;1;1;1;1;1;1;1;1;1;1;1;1;1;1;1;1;1;1;1;1;1;1;1;1;1;1;1;1;1;1;0;0;0;1;1;1;1;0;0;0;1;1;1;1;1;0;0;0;0;0;0;1;1;1;1;1;0;1;0;1;0;0;0;1;1;1;1;1;1;1;0;0;0;0;0;0;1;0;0;0;0;0;0;1;0;0;0;0;0;0;1;0;0;0;0;0;0;1;0;0;0;0;0;0;1;0;0;0;0;0;0;1;1;1;0;0;0;0;0;0;1;0;0;0;0;0;0;1;0;0;0;0;0;0;1;0;0;1;1;1;1;1;1;1;1;0;0;0;1;1;1;1;0;0;0;0;0;0;1;0;0;0;0;0;0;1;0;0;0;0;0;0;1;0;0;0;0;0;0;1;0;0;0;0;0;0;1;0;0;0;0;0;0;1;0;0;0;0;0;0;1;0;0;0;0;0;0;1;0;0;0;0;0
3000000;0;1;0;0;0;0;1;0;0;0;0;1;0;1;1;1;1;1;1;1;0;1;1;1;1;1;1;1;1;1;1;1;1;1;1;1;1;1;1;1;1;1;1;1;1;1;1;1;1;1;0;1;1;1;1;0;0;1;1;1;1;1;0;0;0;0;1;1;1;1;1;0;0;0;0;1;1;1;1;1;1;1;0;0;0;0;1;1;1;1;1;0;0;0;0;1;1;1;1;1;1;1;0;0;0;0;1;1;1;1;1;0;0;0;0;1;1;1;1;1;1;1;1;1;0;0;0;0;1;1;1;1;1;0;0;0;0;1;1;1;1;1;1;1;0;0;0;0;1;1;1;0;0;0;1;1;1;1;0;0;0;0;1;0;1;1;1;1;1;1;0;0;1;1;1;1;1;0;0;0;0;1;0;0;0;0;1;0;0;0;0;1;0;0;0;0;1;0;0;0;0;1;0;0;0;0;1;0;0;0;0;1;0;0;0;0;1;0;0;0;0;1;0;0;0;0;1;0;0;0;0;1;0;0;0;0;1;1;1;1;1;1;1;0;0;1;1;1;1;0;1;0;0;0;0;1;0;0;0;1;1;1;0;0;0;0;1;0;0;0;0;1;0;0;0;0;1;0;0;0;0;1;0;0;0;0;1;0;0;1;1;0;1;0;0;0;0;1;0;0;0;0;1;0;0;0;0;1;0;0;1;1;1;1;1;0;0;1;1;1;1;1;0;0;0;1;0;0;0;0;1;0;0;0;0;1;0;0;0;0;1;0;0;0;0;1;0;0;0;0;1;0;0;0;0;1;0;0;0;0;1;0;0;0;0;1;0;0;0;1;1;1;0;0;0;0;1;0;0;0;0;1;1;1;1;1;1;1;1;1;0;0;1;1;1;1;0;1;1;1;0;0;0;0;1;0;0;0;0;1;0;0;0;0;1;0;0;0;0;1;0;0;0;0;1;0;0;0;0;1;0;0;0;0;1;0;0;0;0;1;0;0;0;0;1;0;0;0;0;1;0;0;0;0;1;0;0;1;1;1;1;1;0;1;1;1;1;1;0;0;0;1;0;0;0;0;1;0;0;0;1;1;1;0;0;0;0;1;0;0;0;0;1;0;0;0;0;1;0;0;0;0;1;0;0;0;0;1;0;0;0;0;1;0;0;0;0;1;0;0;0;0;1;0;0;0;0;1;1;1;1;1;1;1;0;0;1;1;1;1;0;1;0;0;0;0;1;0;1;1;0;0;1;0;1;1;0;0;1;0;1;0;0;0;1;0;0;0;0;1;0;0;0;0;1;0;0;0;0;1;0;0;0;0;1;0;0;0;0;1;0;0;0;0;1;0;0;0;0;1;0;1;1;1;1;1;1;1;1;1;1;1;1;1;1;1;1;1;1;1;1;1;1;0;1;1;1;1;1;1;1;1;1;1;0;0;1;1;1;1;1;1;1;1;1;1;1;1;1;1;1;1;1;1;1;1;1;1;0;0;1;1;1;1;1;1;1;1;1;1;1;1;1;1;1;1;1;1;1;1;1;1;1;1;1;1;1;1;1;1;1;1;1;1;1;0;0;1;1;1;1;1;1;1;0;0;0;0;1;1;1;1;1;0;0;0;0;1;1;1;1;1;0;0;0;0;1;0;0;0;0;1;0;0;0;0;1;0;0;0;0;1;1;1;0;0;0;0;1;0;0;0;0;1;0;0;0;0;1;1;1;1;1;1;1;1;0;0;1;1;1;1;0;1;0;0;0;0;1;0;0;0;0;1;0;0;0;0;1;0;0;0;0;1;0;0;0;0;1;0;0;0;0;1;0;0;0;0;1;0;0;0;1;1;1;0;0;0;0;1;0;0;0;0;1;0;0;0;1;1;0;1;0;0;1;1;1;1;1;1;0;1;1;1;1;1;0;0;0;1;0;0;0;0;1;0;0;0;0;1;0;0;0;0;1;0;0;0;0;1;1;1;1;0;0;0;1;0;0;1;1;0;1;0;0;0;0;1;0;0;0;0;1;0;0;0;0;1;0;0;0;0;1;0;0;0;0;1;1;1;1;1;1;1;1;1;1;1;1;1;0;0;1;1;1;1;0;1;0;0;0;0;1;0;0;0;0;1;0;0;0;0;1;0;0;0;0;1;0;0;0;0;1;0;1;1;0;0;1;0;0;0;0;1;0;0;0;0;1;0;1;1;0;0;1;1;1;0;0;0;0;1;0;0;0;0;1;1;1;1;0;0;1;1;1;1;1;1;0;1
4000000;1;1;1;1;0;0;1;0;0;0;1;0;0;0;1;1;1;0;0;0;1;0;0;0;1;0;0;0;1;0;0;0;1;1;1;1;1;1;1;0;0;0;1;0;0;0;1;0;0;0;1;0;0;0;1;0;0;0;1;1;1;1;1;1;1;0;1;1;1;1;1;0;0;0;1;0;0;0;1;0;0;0;1;0;0;0;1;0;0;0;1;0;0;0;1;0;0;0;1;0;0;0;1;0;0;0;1;0;0;0;1;0;0;0;1;0;0;1;1;1;1;1;1;1;1;1;1;1;0;0;1;0;0;0;1;0;0;0;1;0;0;0;1;0;0;0;1;0;0;0;1;0;0;0;1;0;0;0;1;0;0;0;1;0;0;0;1;0;0;0;1;1;1;0;0;1;1;1;1;1;1;1;1;1;0;1;1;1;1;1;0;0;0;1;0;0;0;1;0;0;1;1;0;1;0;0;0;1;0;0;0;1;0;1;1;0;1;0;0;0;1;0;0;0;1;0;0;0;1;0;0;0;1;0;0;0;1;0;0;1;1;1;1;1;1;1;0;1;1;1;1;0;0;1;0;0;0;1;0;0;0;1;0;0;0;1;0;0;0;1;0;0;0;1;0;0;0;1;0;0;0;1;0;0;0;1;0;0;0;1;0;0;0;1;0;0;1;1;1;1;1;1;1;1;1;0;1;1;1;1;1;0;0;0;1;0;0;0;1;0;0;0;1;0;0;0;1;0;0;0;1;0;0;0;1;0;0;0;1;0;0;0;1;1;1;0;0;1;0;0;0;1;1;1;1;1;0;0;1;0;0;1;1;1;1;1;1;1;1;1;0;1;1;1;1;0;0;1;0;0;0;1;0;0;0;1;0;0;0;1;0;0;0;1;0;0;0;1;0;0;0;1;0;0;0;1;0;0;0;1;0;0;0;1;0;0;0;1;0;0;0;1;1;1;1;1;1;1;0;1;1;1;1;1;0;0;0;1;0;0;0;1;0;0;0;1;0;0;0;1;0;0;0;1;0;0;0;1;0;0;0;1;0;0;0;1;0;0;0;1;0;0;0;1;0;0;0;1;0;0;1;1;1;1;1;1;0;1;1;1;1;0;1;0;0;0;1;0;0;0;1;0;0;0;1;0;0;0;1;0;0;0;1;0;0;0;1;0;0;0;1;0;0;0;1;0;0;0;1;0;0;0;1;0;0;0;1;0;1;1;1;1;1;1;1;1;0;1;1;1;1;1;0;0;0;1;0;0;0;1;0;0;0;1;0;0;0;1;0;0;0;1;0;0;0;1;0;0;0;1;0;0;0;1;0;0;0;1;1;1;1;1;0;0;1;1;1;0;0;0;1;0;0;1;1;1;1;1;1;1;0;1;1;1;1;0;1;0;0;0;1;0;0;0;1;0;0;0;1;0;0;0;1;0;0;0;1;0;0;0;1;0;0;0;1;0;0;0;1;0;0;0;1;0;0;0;1;0;0;0;1;0;1;1;1;1;1;1;0;1;1;1;1;1;0;0;0;1;0;0;1;1;1;0;0;0;1;0;0;0;1;0;0;0;1;0;0;0;1;0;0;0;1;0;0;1;1;1;0;0;0;1;0;0;0;1;0;0;0;1;1;1;1;1;1;1;1;1;1;1;1;0;1;1;1;1;1;1;1;1;1;0;1;1;1;1;0;1;0;0;0;1;0;0;0;1;0;0;0;1;0;0;0;1;0;0;0;1;0;0;0;1;0;0;0;1;0;0;0;1;1;1;0;0;0;1;0;0;0;1;0;0;0;1;0;1;1;1;1;1;1;0;1;1;1;1;1;0;0;0;1;0;0;0;1;0;0;0;1;0;0;0;1;0;0;0;1;0;0;0;1;0;0;0;1;0;0;0;1;0;0;0;1;0;0;0;1;0;0;1;1;1;1;1;1;1;1;1;1;1;1;1;1;1;1;1;1;1;1;1;0;1;1;1;1;1;1;1;1;1;1;1;1;1;1;1;1;1;1;1;1;1;1;1;1;1;1;1;1;1;1;1;1;1;1;1;1;0;0;1;1;1;1;1;1;1;0;0;0;1;1;1;1;1;0;0;0;1;1;1;1;1;1;1;1;1;1;1;0;0;1;0;0;0;1;0;0;0;1;0;0;0;1;0;0;0;1;0;0;0;1;0;0;0;1;0;0;0;1;0;1;1;1;1;1;1;0;1;1;1;1;1;0;0;0;1;0;0;0;1;0;1;1;0;1;0;0;0;1;0
5000000;0;1;0;0;1;0;0;1;0;0;1;0;0;1;0;0;1;0;0;1;0;0;1;1;1;1;1;1;1;1;1;0;1;1;1;1;0;1;0;0;1;0;0;1;0;0;1;0;0;1;0;0;1;0;0;1;0;0;1;0;0;1;0;0;1;0;0;1;0;0;1;0;1;1;1;1;1;1;1;1;0;1;1;1;1;1;0;0;1;0;0;1;0;0;1;0;0;1;0;0;1;0;0;1;0;0;1;0;0;1;1;1;0;0;1;0;0;1;0;1;1;1;0;0;1;1;1;1;1;1;1;0;1;1;1;1;1;0;0;1;0;0;1;0;0;1;0;0;1;0;1;1;0;1;0;0;1;1;1;0;0;1;0;0;1;0;0;1;0;0;1;1;1;1;1;0;0;1;0;1;1;1;1;1;0;1;1;1;1;1;0;0;1;0;0;1;0;0;1;0;0;1;0;0;1;1;1;0;1;0;0;1;0;0;1;0;0;1;1;1;1;1;0;0;1;0;0;1;1;1;0;0;1;1;1;1;1;1;1;0;1;1;1;1;1;0;0;1;0;0;1;0;1;1;0;1;0;0;1;0;0;1;0;0;1;0;1;1;1;0;0;1;0;0;1;0;0;1;0;0;1;0;1;1;1;1;1;1;0;1;1;1;1;1;0;0;1;0;0;1;0;0;1;0;0;1;0;1;1;1;0;0;1;0;0;1;0;0;1;0;0;1;0;0;1;1;1;0;1;0;0;1;1;1;1;1;1;1;0;1;1;1;1;1;0;0;1;1;1;0;0;1;0;0;1;0;0;1;0;0;1;0;0;1;0;0;1;0;0;1;0;0;1;1;1;1;1;1;1;1;1;1;1;0;1;1;1;0;0;1;0;1;1;1;1;1;1;1;1;1;1;1;1;1;0;1;0;0;1;0;1;1;1;0;0;1;0;0;1;0;1;1;0;1;0;0;1;1;1;0;0;1;0;0;1;0;0;1;0;0;1;0;0;1;1;1;1;1;1;1;1;1;0;1;1;1;1;1;0;0;1;0;0;1;0;0;1;0;0;1;0;0;1;0;0;1;0;0;1;0;0;1;0;0;1;0;0;1;0;0;1;1;1;0;1;1;1;1;1;1;1;1;1;1;1;0;1;0;0;1;0;0;1;0;0;1;0;0;1;0;0;1;0;0;1;0;0;1;1;1;0;1;0;0;1;0;0;1;0;0;1;1;1;1;1;1;1;0;1;1;1;1;1;0;0;1;0;0;1;0;0;1;0;0;1;0;0;1;0;0;1;0;0;1;0;0;1;0;0;1;0;0;1;1;1;0;0;1;0;1;1;1;1;1;1;1;1;1;1;1;0;1;0;0;1;0;0;1;0;0;1;0;0;1;0;0;1;0;0;1;0;0;1;0;0;1;0;0;1;0;0;1;0;0;1;1;1;1;1;1;1;1;1;0;1;1;1;1;1;0;0;1;0;0;1;1;1;1;1;1;1;1;1;1;1;0;1;0;0;1;0;0;1;0;0;1;0;0;1;0;0;1;0;0;1;0;0;1;0;0;1;0;1;1;1;1;1;1;1;1;1;1;1;1;1;0;1;0;0;1;0;0;1;0;0;1;0;0;1;0;0;1;0;0;1;0;0;1;0;0;1;1;1;0;0;1;1;1;0;0;1;0;0;1;1;1;1;1;1;0;1;1;1;1;1;0;0;1;0;0;1;0;0;1;0;0;1;0;0;1;0;0;1;0;0;1;0;0;1;0;0;1;0;0;1;0;0;1;0;0;1;1;1;1;1;1;1;1;1;1;1;1;1;0;1;0;0;1;1;1;0;0;1;0;0;1;0;0;1;0;0;1;0;0;1;0;0;1;1;1;0;0;1;1;1;1;1;1;1;1;1;1;1;0;1;1;1;0;1;0;0;1;1;1;1;1;1;1;1;1;0;1;1;1;1;1;0;0;1;0;0;1;0;0;1;0;0;1;0;0;1;0;0;1;0;0;1;0;0;1;0;0;1;0;0;1;0;0;1;0;0;1;1;1;1;1;1;1;0;1;1;1;1;0;1;0;0;1;0;0;1;0;0;1;0;0;1;0;0;1;0;0;1;0;0;1;0;0;1;0;0;1;0;0;1;0;0;1;1;1;1;1;1;1;0;1;1;1;1;1;0;0;1;0;0;1;1;1;0;1;0;0;1;0;0;1;0;0;1;0;0;1;0;0;1;0;0;1;0;0;1;0;0;1;0;0;1;1;1;1
6000000;1;1;1;1;1;0;1;1;1;1;0;1;0;0;1;0;0;1;0;0;1;0;0;1;0;0;1;0;0;1;0;0;1;0;0;1;0;0;1;1;1;0;1;1;1;0;0;1;1;1;1;1;1;1;1;1;0;1;1;1;1;1;0;0;1;0;0;1;0;0;1;0;0;1;0;0;1;0;0;1;0;0;1;0;0;1;0;0;1;0;0;1;0;0;1;0;1;1;1;1;1;1;0;1;1;1;1;0;1;0;0;1;0;0;1;0;0;1;0;0;1;0;0;1;0;0;1;0;0;1;1;1;0;1;0;0;1;0;1;1;1;0;0;1;1;1;1;1;1;1;0;1;1;1;1;1;0;0;1;0;0;1;0;0;1;0;0;1;0;1;1;1;1;1;1;1;1;1;1;1;1;1;0;1;1;1;0;0;1;0;0;1;0;0;1;0;0;1;0;1;1;0;1;0;0;1;1;1;1;1;1;1;1;1;1;1;0;1;1;1;1;1;0;0;1;0;0;1;1;1;0;0;1;0;0;1;1;1;0;1;0;0;1;0;0;1;0;0;1;1;1;0;0;1;0;0;1;1;1;0;1;1;1;1;1;1;1;1;1;0;1;1;1;1;1;0;0;1;0;0;1;0;0;1;0;0;1;0;0;1;0;0;1;0;1;1;1;0;0;1;0;0;1;0;0;1;0;0;1;0;0;1;1;1;1;1;1;0;1;1;1;1;1;0;0;1;0;0;1;0;0;1;0;0;1;0;0;1;0;0;1;0;0;1;0;0;1;0;0;1;0;0;1;0;0;1;0;1;1;1;1;1;1;0;1;1;1;1;1;0;1;0;0;1;0;0;1;0;0;1;0;0;1;0;0;1;1;1;0;0;1;1;1;0;0;1;0;0;1;0;0;1;1;1;0;1;0;0;1;1;1;1;1;1;1;1;1;0;1;1;1;1;1;0;0;1;0;1;1;1;0;0;1;0;0;1;0;1;1;1;0;0;1;0;0;1;0;0;1;0;0;1;0;0;1;0;0;1;0;1;1;1;1;1;1;1;1;1;1;1;1;1;1;1;1;1;1;1;1;1;1;1;1;1;1;1;1;1;1;1;1;1;1;1;1;1;1;1;1;1;1;1;1;1;1;1;0;0;1;1;1;1;1;1;1;1;0;0;1;1;1;1;1;0;0;1;1;1;1;1;0;0;1;0;0;1;0;0;1;0;0;1;0;1;1;1;1;0;0;1;1;1;1;1;1;1;0;1;1;1;1;1;0;0;1;0;0;1;1;1;0;0;1;0;0;1;0;0;1;1;1;0;0;1;0;0;1;1;1;0;1;0;0;1;0;0;1;0;0;1;0;1;1;1;1;1;1;1;1;1;1;1;1;1;0;1;0;0;1;0;0;1;0;0;1;0;0;1;0;0;1;0;0;1;0;0;1;0;0;1;0;0;1;0;1;1;1;1;1;1;1;1;1;1;1;1;1;1;1;1;1;1;1;1;0;0;1;1;1;1;1;1;1;1;1;1;1;1;1;0;1;1;1;1;1;1;1;1;1;0;1;1;1;1;1;1;1;0;0;1;0;0;1;0;0;1;1;1;0;1;0;0;1;0;0;1;1;1;0;0;1;0;0;1;0;0;1;0;0;1;0;1;1;1;1;1;1;1;1;1;1;1;0;1;0;0;1;0;0;1;0;0;1;0;0;1;1;1;1;1;1;1;1;1;1;1;0;1;0;0;1;0;0;1;0;0;1;0;0;1;0;0;1;0;0;1;1;1;1;1;1;1;1;1;0;1;1;1;1;1;1;1;1;1;1;1;0;0;1;0;0;1;0;0;1;0;0;1;0;0;1;0;0;1;0;0;1;0;1;1;1;1;1;1;1;1;1;1;1;1;1;0;1;1;1;0;0;1;0;0;1;0;1;1;1;1;1;1;1;1;1;1;1;0;1;0;0;1;0;0;1;0;1;1;1;1;1;1;1;1;1;0;0;1;0;0;1;0;0;1;0;0;1;0;0;1;0;0;1;0;0;1;1;1;1;1;1;1;1;1;1;1;0;1;1;1;1;1;1;0;1;1;1;1;1;0;0;1;0;0;1;0;0;1;0;0;1;0;0;1;0;0;1;1;1;1;1;1;1;1;1;0;1;1;1;0;1;0;0;1;0;0;1;0;0;1;0;1;1;1;1;1;1;1;1;1;1;1;0;1;0;1;1;1;1;1;1;1;1;1;0;0;1;0;0;1;0;0;1;0
7000000;0;1;0;1;0;1;0;1;1;1;1;1;1;1;1;1;1;1;0;1;0;1;1;1;1;1;1;1;1;1;0;1;1;1;1;1;0;1;1;1;0;1;0;1;0;1;1;1;1;1;1;1;1;1;0;1;0;1;0;1;0;1;0;1;0;1;0;1;0;1;1;1;1;1;1;1;1;1;1;1;1;1;1;1;1;1;1;1;0;1;0;1;1;1;1;0;1;0;1;0;1;0;1;0;1;1;1;1;1;1;1;1;1;0;1;0;1;0;1;0;1;1;1;1;1;1;1;0;1;1;1;1;1;0;1;0;1;1;1;1;1;1;1;1;1;1;1;1;1;1;1;1;1;1;1;0;1;0;1;0;1;0;1;0;1;0;1;0;1;0;1;1;1;1;1;1;1;1;1;0;1;1;1;0;1;1;1;1;1;1;1;1;1;1;1;0;1;1;1;1;1;1;1;1;1;1;1;1;1;1;1;1;1;0;1;0;1;0;1;0;1;1;1;1;1;1;1;1;1;0;1;0;1;0;1;0;1;0;1;1;1;0;1;1;1;1;1;1;1;0;1;1;1;1;1;0;1;1;1;1;1;1;1;1;1;0;1;0;1;0;1;0;1;0;1;0;1;0;1;1;1;1;1;1;1;1;1;1;1;0;1;0;1;1;1;0;1;0;1;1;1;1;1;1;1;1;1;1;1;1;1;0;1;0;1;0;1;0;1;1;1;1;1;1;1;1;1;0;1;1;1;0;1;1;1;0;1;0;1;0;1;0;1;1;1;1;1;0;1;0;1;1;1;1;1;1;1;1;1;1;1;1;1;1;1;1;1;1;1;1;1;1;0;1;0;1;0;1;0;1;1;1;0;1;0;1;0;1;1;1;1;1;1;1;1;1;0;1;1;1;1;1;0;1;0;1;1;1;0;1;0;1;1;1;1;1;1;1;1;1;1;1;0;1;0;1;1;1;1;1;1;1;1;1;1;1;1;1;1;1;0;1;1;1;0;1;0;1;0;1;0;1;0;1;0;1;1;1;1;1;1;1;1;1;0;1;0;1;1;1;1;1;1;1;0;1;1;1;1;1;0;1;0;1;0;1;0;1;0;1;1;1;1;1;1;1;1;1;0;1;0;1;0;1;0;1;0;1;0;1;0;1;1;1;1;1;1;1;1;1;1;1;1;1;1;1;1;1;1;1;0;1;0;1;0;1;0;1;0;1;0;1;1;1;0;1;1;1;1;1;1;1;1;1;0;1;0;1;0;1;0;1;1;1;1;1;1;0;1;1;1;1;1;0;1;0;1;1;1;1;1;1;1;1;1;1;1;0;1;0;1;0;1;1;1;0;1;0;1;1;1;0;1;0;1;0;1;1;1;1;1;1;1;1;1;0;1;0;1;1;1;1;1;1;1;1;1;1;1;0;1;0;1;0;1;0;1;0;1;1;1;1;1;1;1;1;1;0;1;0;1;0;1;0;1;0;1;1;1;0;1;1;1;1;1;1;1;1;1;1;1;0;1;1;1;1;1;1;1;1;1;0;1;0;1;0;1;0;1;0;1;0;1;1;1;0;1;0;1;1;1;1;1;1;1;1;1;0;1;0;1;0;1;1;1;1;1;1;1;1;1;1;1;0;1;0;1;0;1;1;1;1;1;1;1;1;1;0;1;0;1;0;1;0;1;0;1;0;1;0;1;0;1;1;1;1;1;1;1;1;1;1;1;1;1;1;1;1;1;1;1;1;1;1;0;1;0;1;1;1;1;0;1;0;1;0;1;0;1;1;1;1;1;1;1;1;1;0;1;0;1;0;1;0;1;0;1;1;1;1;1;1;1;1;1;1;1;1;0;1;0;1;1;1;1;1;1;1;1;1;0;1;0;1;0;1;0;1;0;1;0;1;0;1;1;1;1;1;1;1;1;1;0;1;0;1;0;1;1;1;1;1;1;1;1;1;1;1;0;1;0;1;0;1;0;1;0;1;1;1;1;1;1;1;1;1;0;1;0;1;0;1;1;1;0;1;1;1;0;1;0;1;0;1;1;1;1;1;1;1;1;1;1;1;1;1;1;1;1;1;1;1;0;1;0;1;0;1;0;1;0;1;0;1;0;1;1;1;1;1;1;1;1;1;0;1;0;1;0;1;0;1;0;1;1;1;1;1;1;1;1;1;1;0;1;1;1;0;1;0;1;1;1;1;1;1;1;1;1;0;1;0;1;0;1;0;1;0;1;1;1;0;1;0;1;0;1;1;1;1
8000000;1;1;1;1;1;0;1;1;1;1;1;1;1;1;1;1;1;1;1;1;0;1;0;1;0;1;0;1;0;1;1;1;1;1;1;1;1;1;1;1;1;1;1;1;1;1;1;1;1;1;1;1;1;1;1;0;1;1;1;1;1;0;1;1;1;1;1;1;1;0;1;0;1;1;1;0;1;0;1;1;1;1;1;1;1;1;1;1;1;0;1;1;1;1;1;1;1;1;1;1;1;0;1;0;1;0;1;0;1;0;1;0;1;0;1;0;1;1;1;1;1;1;1;1;1;0;1;0;1;0;1;1;1;1;1;1;1;1;1;1;1;0;1;0;1;1;1;1;1;1;1;1;1;1;1;1;1;1;1;1;1;1;1;1;1;1;1;1;1;1;1;1;1;1;1;1;1;1;1;1;1;1;1;1;1;1;1;1;1;1;1;1;1;1;1;1;1;0;1;1;1;1;1;1;1;0;1;1;1;0;1;1;1;1;1;0;1;0;1;0;1;0;1;1;1;1;1;1;1;1;1;1;1;1;1;1;1;1;1;1;1;1;0;1;0;1;0;1;0;1;0;1;1;1;1;1;0;1;0;1;1;1;1;1;1;1;1;1;0;1;0;1;0;1;0;1;1;1;0;1;1;1;1;1;1;1;1;1;1;1;1;1;1;0;1;1;1;1;1;1;1;1;1;1;0;1;0;1;0;1;0;1;0;1;0;1;0;1;0;1;1;1;0;1;1;1;0;1;1;1;1;1;1;1;1;1;1;1;0;1;0;1;0;1;0;1;0;1;0;1;0;1;0;1;1;1;0;1;0;1;1;1;1;0;1;0;1;1;1;1;1;1;1;1;1;1;1;1;0;1;0;1;0;1;0;1;1;1;1;0;1;1;1;1;0;1;1;1;0;1;0;1;0;1;1;1;1;1;1;1;0;1;0;1;1;1;1;1;1;1;1;1;1;1;1;1;1;1;1;0;1;0;1;0;1;1;1;1;0;1;0;1;1;1;1;1;1;1;1;1;1;1;1;1;0;1;1;1;0;1;0;1;1;1;0;1;0;1;1;1;1;1;1;1;1;1;1;1;1;1;1;0;1;0;1;0;1;0;1;0;1;0;1;0;1;1;1;1;0;1;1;1;0;1;0;1;0;1;1;1;1;1;1;1;1;1;1;1;0;1;0;1;0;1;0;1;0;1;0;1;0;1;0;1;0;1;0;1;0;1;1;1;1;1;1;1;1;1;1;1;0;1;1;1;1;1;1;1;1;1;1;1;1;0;1;0;1;0;1;0;1;0;1;0;1;0;1;0;1;1;1;0;1;0;1;0;1;0;1;1;1;1;1;1;1;1;1;1;1;1;1;0;1;0;1;1;1;0;1;0;1;0;1;1;1;0;1;0;1;0;1;0;1;1;1;0;1;0;1;0;1;1;1;1;1;1;1;1;1;1;1;1;0;1;0;1;0;1;0;1;0;1;0;1;0;1;0;1;0;1;0;1;0;1;1;1;1;1;1;1;1;1;1;1;1;1;1;1;1;1;0;1;0;1;0;1;0;1;0;1;0;1;1;1;0;1;0;1;1;1;1;1;1;1;1;1;1;1;0;1;0;1;0;1;1;1;1;1;1;1;1;1;1;1;1;0;1;0;1;0;1;0;1;0;1;1;1;1;0;1;0;1;0;1;0;1;0;1;0;1;1;1;1;1;1;1;1;1;1;1;1;1;1;1;1;0;1;0;1;0;1;0;1;0;1;0;1;0;1;0;1;0;1;0;1;0;1;1;1;1;1;1;1;1;1;1;1;1;0;1;0;1;0;1;0;1;0;1;0;1;0;1;0;1;0;1;0;1;0;1;0;1;1;1;1;1;1;1;1;1;1;1;0;1;0;1;0;1;0;1;0;1;0;1;0;1;1;1;1;1;0;1;1;1;0;1;0;1;0;1;1;1;1;1;1;1;1;1;1;1;0;1;0;1;0;1;1;1;0;1;0;1;0;1;0;1;0;1;0;1;0;1;0;1;0;1;1;1;1;1;1;1;1;1;1;1;1;1;1;1;1;0;1;1;1;1;1;1;1;1;1;1;1;0;1;0;1;0;1;0;1;0;1;0;1;1;1;0;1;0;1;0;1;0;1;1;1;1;1;1;1;1;1;1;1;1;1;1;0;1;0;1;0;1;0;1;0;1;0;1;0;1;0;1;0;1;0;1;1;1;0;1;0;1;1;1;1;1;1;1;1;1;1;1;1;1;1;0;1;0
9000000;1;0;1;0;1;0;1;0;1;0;1;0;1;0;1;0;1;0;1;1;1;1;1;1;1;1;1;1;1;1;0;1;0;1;1;1;0;1;0;1;0;1;0;1;0;1;0;1;0;1;0;1;0;1;0;1;1;1;1;1;1;1;1;1;1;1;0;1;1;1;1;0;1;0;1;0;1;0;1;0;1;1;1;0;1;0;1;1;1;0;1;1;0;1;1;1;1;1;1;1;1;1;1;1;1;0;1;1;1;1;1;1;1;1;1;0;1;0;1;0;1;0;1;0;1;0;1;0;1;0;1;0;1;0;1;0;1;1;1;1;1;1;1;1;1;1;1;1;0;1;0;1;1;1;1;1;1;1;1;1;1;1;1;0;1;0;1;0;1;0;1;1;1;0;1;0;1;1;1;0;1;0;1;1;1;1;1;1;1;1;1;1;1;1;1;1;1;1;0;1;0;1;0;1;0;1;1;1;1;0;1;1;1;0;1;0;1;0;1;1;1;1;1;0;1;1;1;1;1;1;1;1;1;1;1;1;0;1;1;1;1;1;1;1;1;1;1;1;1;1;1;1;1;0;1;0;1;0;1;1;1;1;0;1;0;1;0;1;1;1;1;1;0;1;0;1;1;1;0;1;0;1;1;1;1;1;1;1;1;1;1;1;1;0;1;1;1;1;0;1;0;1;0;1;0;1;1;1;0;1;0;1;0;1;0;1;0;1;0;1;1;1;1;1;1;1;1;1;1;1;1;0;1;0;1;0;1;0;1;0;1;0;1;0;1;0;1;0;1;0;1;0;1;0;1;1;1;1;1;1;1;1;1;1;1;0;1;0;1;0;1;0;1;0;1;0;1;0;1;0;1;0;1;0;1;0;1;0;1;1;1;1;1;1;1;1;1;1;1;1;0;1;1;1;0;1;1;1;0;1;1;1;1;0;1;0;1;0;1;0;1;0;1;0;1;0;1;0;1;1;1;1;1;1;1;1;1;1;0;1;0;1;0;1;0;1;1;1;1;1;1;1;1;1;1;1;1;1;1;1;1;1;1;1;1;1;1;1;1;1;1;1;1;1;1;1;1;1;1;1;1;1;0;1;1;1;1;1;1;1;1;1;1;1;0;1;1;1;1;1;0;1;1;1;1;1;0;1;1;1;1;1;1;1;1;1;1;1;1;1;1;1;1;0;1;0;1;0;1;0;1;0;1;0;1;1;1;1;0;1;0;1;0;1;0;1;0;1;1;1;1;1;1;1;1;1;1;1;0;1;0;1;0;1;1;1;0;1;0;1;0;1;0;1;0;1;0;1;1;1;1;1;1;1;1;1;1;1;1;1;1;1;1;1;1;1;1;1;1;0;1;1;1;1;1;0;1;1;1;1;1;1;1;1;1;1;1;1;1;1;1;1;1;1;1;1;1;1;1;1;1;1;0;1;1;1;1;1;0;1;0;1;0;1;0;1;0;1;0;1;1;1;0;1;0;1;0;1;0;1;0;1;1;1;1;1;1;1;1;1;1;1;1;0;1;0;1;0;1;0;1;0;1;0;1;0;1;0;1;0;1;0;1;0;1;1;1;1;1;1;1;1;1;1;1;0;1;0;1;0;1;0;1;0;1;0;1;0;1;1;1;0;1;1;1;0;1;0;1;0;1;0;1;1;1;1;1;1;1;1;1;1;1;1;0;1;0;1;0;1;0;1;0;1;0;1;0;1;0;1;0;1;0;1;1;1;0;1;1;1;1;1;1;1;1;1;1;1;1;1;1;0;1;0;1;0;1;0;1;0;1;0;1;0;1;1;1;0;1;0;1;0;1;0;1;0;1;1;1;1;1;1;1;1;1;1;1;1;0;1;0;1;0;1;0;1;0;1;0;1;0;1;0;1;0;1;0;1;0;1;1;1;1;1;1;1;1;1;1;1;1;0;1;0;1;0;1;0;1;0;1;0;1;0;1;0;1;0;1;0;1;0;1;0;1;1;1;1;1;1;1;1;1;1;1;1;1;1;0;1;1;1;0;1;0;1;0;1;0;1;0;1;0;1;0;1;0;1;0;1;0;1;1;1;1;1;1;1;1;1;1;1;1;0;1;0;1;1;1;1;0;1;0;1;0;1;0;1;0;1;0;1;0;1;1;1;0;1;0;1;1;1;1;1;1;1;1;1;1;1;1;1;1;1;1;1;1;1;1;1;1;1;1;1;1;1;1;1;1;0;1;0;1;0;1;0;1;0;1;0;1;0;1;0;1;0;1;1;1;1
10000000;1;1;0;1;1;1;1;1;1;1;1;1;1;1;0;1;0;1;0;1;0;1;0;1;0;1;0;1;1;1;1;0;1;1;1;0;1;0;1;0;1;1;1;1;1;1;1;1;1;1;1;0;1;0;1;0;1;1;1;1;0;1;1;1;0;1;0;1;0;1;0;1;0;1;0;1;1;1;1;1;1;1;1;1;1;1;1;1;0;1;0;1;0;1;1;1;1;1;1;0;1;0;1;0;1;1;1;0;1;0;1;1;1;1;0;1;0;1;1;1;1;1;1;1;1;1;1;1;1;1;1;0;1;0;1;0;1;0;1;1;1;1;0;1;0;1;0;1;0;1;0;1;0;1;1;1;1;1;1;1;1;1;1;1;1;1;1;0;1;0;1;1;1;1;0;1;0;1;0;1;0;1;0;1;0;1;0;1;1;1;1;0;1;1;1;1;1;1;1;1;1;1;1;1;0;1;1;1;0;1;0;1;0;1;0;1;1;1;0;1;0;1;0;1;0;1;0;1;1;1;1;1;1;1;1;1;1;1;1;1;1;1;1;1;1;0;1;0;1;1;1;1;0;1;0;1;0;1;0;1;0;1;0;1;0;1;0;1;1;1;1;1;1;1;1;1;1;1;1;0;1;0;1;0;1;0;1;0;1;0;1;1;1;0;1;0;1;0;1;1;1;0;1;1;1;1;1;1;1;1;1;1;1;1;1;1;0;1;1;1;0;1;0;1;0;1;1;1;0;1;0;1;1;1;1;0;1;0;1;0;1;0;1;0;1;1;1;1;1;1;1;1;1;1;1;1;0;1;0;1;0;1;0;1;0;1;0;1;0;1;0;1;0;1;0;1;0;1;1;1;1;1;1;1;1;1;1;1;1;1;0;1;0;1;0;1;0;1;0;1;0;1;0;1;0;1;0;1;0;1;0;1;1;1;1;1;1;1;1;1;1;1;1;0;1;0;1;0;1;0;1;0;1;0;1;0;1;0;1;0;1;0;1;0;1;1;1;1;1;1;1;1;1;1;1;1;1;1;1;0;1;0;1;0;1;0;1;0;1;0;1;1;1;1;1;0;1;1;1;0;1;0;1;0;1;0;1;1;1;1;1;1;1;1;1;1;1;1;0;1;0;1;0;1;0;1;0;1;1;1;1;1;1;1;1;1;1;1;1;1;1;1;0;1;0;1;0;1;0;1;0;1;0;1;1;1;1;1;1;1;1;1;1;1;0;1;0;1;1;1;0;1;0;1;0;1;0;1;1;1;1;1;1;1;0;1;0;1;0;1;1;1;1;1;1;1;1;1;1;1;1;0;1;0;1;0;1;0;1;0;1;0;1;0;1;0;1;0;1;0;1;0;1;0;1;1;1;1;1;1;1;1;1;1;1;1;1;1;1;1;0;1;0;1;0;1;0;1;0;1;0;1;0;1;0;1;0;1;0;1;0;1;1;1;1;1;1;1;1;1;1;1;1;0;1;1;1;1;0;1;0;1;0;1;0;1;1;1;1;1;1;1;1;1;1;1;1;1;1;1;1;1;1;1;1;1;1;1;1;1;1;1;1;1;1;1;1;1;1;1;1;1;1;1;1;1;1;1;1;1;1;1;0;1;1;1;1;1;1;1;1;0;1;1;1;0;1;1;1;1;1;0;1;1;1;1;1;1;1;1;1;1;1;1;0;1;0;1;0;1;0;1;0;1;0;1;0;1;0;1;0;1;1;1;0;1;0;1;1;1;1;1;1;1;1;1;1;1;1;0;1;0;1;0;1;0;1;0;1;0;1;0;1;0;1;0;1;0;1;0;1;0;1;1;1;1;1;1;1;1;1;1;1;1;1;1;1;1;1;1;1;0;1;0;1;0;1;0;1;0;1;0;1;1;1;1;0;1;1;1;0;1;0;1;0;1;1;1;1;1;1;1;1;1;1;1;1;1;1;0;1;0;1;0;1;0;1;1;1;0;1;1;1;1;0;1;0;1;1;1;1;1;0;1;0;1;0;1;0;1;1;1;1;1;1;1;1;1;1;1;1;0;1;0;1;1;1;1;0;1;0;1;0;1;1;1;1;1;0;1;0;1;1;1;1;0;1;0;1;1;1;1;1;1;1;1;1;1;1;1;1;1;1;1;1;0;1;0;1;0;1;1;1;1;1;1;1;1;1;1;1;1;1;1;1;0;1;0;1;0;1;0;1;0;1;0;1;1;1;1;1;1;1;1;1;1;1;1;1;1;1;1;1;1;1;1;0;1;0;1
11000000;0;1;0;1;0;1;0;1;0;1;1;1;1;1;1;1;1;1;1;0;1;0;1;0;1;1;1;1;1;1;1;1;1;1;1;1;0;1;0;1;0;1;1;1;1;1;1;1;1;1;1;0;1;0;1;0;1;0;1;0;1;1;1;1;1;1;0;1;1;1;1;1;1;1;1;1;1;1;1;1;1;1;1;1;1;1;1;1;1;1;1;1;0;1;0;1;1;1;1;0;1;0;1;0;1;0;1;0;1;1;1;0;1;0;1;0;1;1;1;1;1;1;1;1;1;1;1;1;0;1;0;1;0;1;0;1;0;1;0;1;0;1;0;1;0;1;0;1;1;1;1;0;1;1;1;1;1;1;1;1;1;1;1;1;1;1;0;1;0;1;0;1;0;1;0;1;1;1;1;0;1;0;1;0;1;0;1;0;1;1;1;1;1;1;1;1;1;1;1;1;0;1;0;1;0;1;0;1;0;1;0;1;0;1;0;1;0;1;0;1;0;1;0;1;1;1;1;1;1;1;1;1;1;1;0;1;0;1;0;1;1;0;1;0;1;0;1;0;1;0;1;0;1;0;1;0;1;1;1;1;1;1;1;1;1;1;1;1;1;0;1;0;1;0;1;0;1;0;1;0;1;0;1;0;1;0;1;0;1;1;1;1;1;1;1;1;1;1;1;1;1;1;1;1;1;0;1;0;1;0;1;0;1;0;1;0;1;1;1;0;1;1;1;0;1;0;1;0;1;0;1;1;1;1;1;1;1;1;1;1;1;1;1;0;1;0;1;0;1;0;1;0;1;1;1;1;0;1;0;1;0;1;0;1;0;1;1;1;1;1;1;1;1;1;1;1;1;0;1;0;1;0;1;0;1;0;1;0;1;1;1;1;0;1;0;1;0;1;0;1;1;1;1;1;1;1;1;1;1;1;1;1;1;1;0;1;0;1;0;1;0;1;0;1;0;1;0;1;0;1;0;1;0;1;0;1;1;1;1;1;1;1;1;1;1;1;1;1;1;1;1;0;1;0;1;0;1;0;1;0;1;0;1;0;1;0;1;0;1;0;1;0;1;1;1;1;1;1;1;1;1;1;1;1;1;1;1;1;0;1;0;1;0;1;0;1;0;1;0;1;0;1;0;1;0;1;0;1;1;1;1;1;1;1;1;1;1;1;1;1;1;0;1;0;1;0;1;0;1;0;1;0;1;0;1;0;1;1;1;0;1;1;1;0;1;0;1;1;1;1;1;1;1;1;1;1;1;1;1;0;1;1;1;1;1;1;1;1;1;1;1;0;1;0;1;0;1;0;1;0;1;0;1;0;1;0;1;1;1;1;1;1;1;1;1;1;1;1;0;1;0;1;0;1;0;1;0;1;0;1;0;1;1;1;0;1;1;1;0;1;0;1;0;1;0;1;1;1;1;1;1;1;1;1;1;1;1;1;1;0;1;1;1;1;0;1;1;1;1;1;1;1;0;1;0;1;0;1;0;1;0;1;0;1;1;1;1;1;1;1;1;1;1;1;1;1;1;0;1;0;1;1;1;1;0;1;0;1;0;1;1;1;0;1;0;1;1;1;1;0;1;0;1;0;1;1;1;1;1;1;1;1;1;1;1;0;1;0;1;0;1;0;1;0;1;0;1;0;1;0;1;0;1;0;1;0;1;1;1;1;1;1;1;1;1;1;1;1;1;1;0;1;1;1;1;1;1;1;1;1;1;1;1;0;1;0;1;0;1;0;1;0;1;0;1;0;1;0;1;0;1;1;1;0;1;1;1;1;1;1;1;1;1;1;1;1;0;1;0;1;0;1;0;1;0;1;0;1;0;1;1;1;1;0;1;0;1;0;1;1;1;1;1;1;1;1;1;1;1;1;1;1;0;1;0;1;1;1;1;0;1;1;1;1;0;1;0;1;0;1;0;1;0;1;0;1;0;1;1;1;1;1;1;1;1;1;1;1;1;1;1;0;1;1;1;1;0;1;0;1;0;1;0;1;0;1;1;1;1;1;1;1;1;1;1;1;1;1;1;1;1;1;1;1;1;1;1;1;1;1;1;1;1;1;1;1;0;1;1;1;1;1;1;1;1;1;1;1;1;1;1;1;1;1;1;0;1;1;1;1;1;0;1;0;1;0;1;0;1;1;1;1;0;1;1;1;0;1;0;1;0;1;0;1;0;1;1;1;1;1;1;1;1;1;1;1;1;0;1;0;1;0;1;0;1;0;1;0;1;0;1;0;1;1;1;1;1;1;1;1
12000000;1;1;1;1;1;1;1;1;1;1;1;1;1;1;1;1;1;0;1;1;1;1;1;1;1;1;1;1;1;1;1;1;1;1;1;1;1;1;1;1;1;1;1;1;1;1;1;1;1;1;1;1;1;1;1;1;1;0;1;1;1;1;1;0;1;1;1;1;1;1;1;1;1;1;0;1;0;1;0;1;1;1;0;1;0;1;1;1;0;1;0;1;0;1;0;1;1;1;1;1;1;1;1;1;1;1;1;1;1;1;1;1;1;1;1;1;0;1;0;1;0;1;0;1;0;1;0;1;0;1;0;1;0;1;0;1;1;1;1;1;1;1;1;1;1;1;1;1;0;1;0;1;0;1;0;1;0;1;0;1;1;1;1;1;0;1;1;1;0;1;0;1;0;1;0;1;0;1;1;1;1;1;1;1;1;1;1;1;1;1;0;1;0;1;0;1;0;1;0;1;0;1;0;1;0;1;1;1;0;1;0;1;1;1;1;1;1;1;1;1;1;1;1;1;1;0;1;0;1;0;1;1;1;0;1;0;1;0;1;1;1;1;0;1;0;1;0;1;0;1;0;1;1;1;1;1;1;1;1;1;1;1;1;0;1;0;1;0;1;0;1;0;1;0;1;0;1;1;1;1;1;1;1;1;1;1;1;1;1;1;1;1;1;1;1;1;1;1;1;1;1;1;1;1;0;1;1;1;1;1;1;1;0;1;1;1;1;1;1;1;1;1;1;1;1;1;1;1;1;1;1;1;1;1;1;1;1;1;1;1;1;1;1;1;1;1;1;1;1;0;1;0;1;0;1;0;1;1;1;0;1;0;1;0;1;0;1;0;1;0;1;0;1;1;1;1;1;1;1;1;1;1;1;1;1;1;0;1;1;1;0;1;0;1;0;1;0;1;0;1;0;1;0;1;0;1;0;1;0;1;1;1;1;1;1;1;1;1;1;1;1;1;0;1;0;1;0;1;0;1;0;1;0;1;0;1;0;1;1;1;0;1;0;1;1;1;1;1;1;1;1;1;1;1;1;1;1;1;1;1;1;1;1;1;1;1;1;1;1;1;1;1;1;0;1;0;1;1;1;1;0;1;0;1;0;1;0;1;1;1;0;1;0;1;0;1;1;1;1;1;1;1;1;1;1;1;1;1;1;1;0;1;0;1;0;1;0;1;0;1;0;1;1;1;1;1;1;0;1;0;1;0;1;1;1;1;1;1;1;1;1;1;1;1;1;1;1;1;1;1;1;1;1;0;1;0;1;0;1;1;1;1;1;1;1;1;1;1;1;1;1;1;1;1;1;0;1;0;1;1;1;1;1;0;1;0;1;0;1;0;1;1;1;1;1;1;1;1;1;1;1;1;1;1;1;0;1;1;1;1;1;1;0;1;0;1;0;1;1;1;1;1;0;1;0;1;1;1;1;0;1;0;1;0;1;1;1;1;1;1;1;1;1;1;1;1;1;1;1;1;1;1;0;1;0;1;0;1;0;1;0;1;0;1;0;1;0;1;0;1;0;1;0;1;1;1;1;1;1;1;1;1;1;1;1;1;1;1;1;1;1;1;1;1;1;1;0;1;0;1;0;1;0;1;0;1;0;1;1;1;1;1;1;1;1;1;1;0;1;0;1;0;1;0;1;1;1;1;1;1;1;1;1;1;1;1;1;1;0;1;0;1;0;1;0;1;1;1;1;1;1;0;1;0;1;1;1;1;0;1;0;1;0;1;1;1;1;1;1;1;1;1;1;1;1;1;0;1;1;1;1;0;1;0;1;0;1;0;1;0;1;0;1;0;1;0;1;0;1;1;1;1;1;1;1;1;1;1;1;1;0;1;0;1;0;1;0;1;0;1;0;1;0;1;0;1;0;1;1;1;1;0;1;1;1;1;1;1;1;1;1;1;1;1;0;1;0;1;0;1;0;1;1;1;1;0;1;0;1;0;1;1;1;1;1;1;1;1;1;1;1;1;0;1;0;1;1;1;1;1;1;1;1;1;1;1;1;1;0;1;0;1;0;1;0;1;0;1;0;1;0;1;0;1;0;1;0;1;0;1;1;1;1;1;1;1;1;1;1;1;1;1;1;0;1;0;1;0;1;0;1;0;1;0;1;0;1;0;1;0;1;0;1;0;1;1;1;1;1;1;1;1;1;1;1;0;1;0;1;0;1;0;1;0;1;0;1;0;1;0;1;0;1;0;1;0;1;1;1;1;1;1;1;1;1;1;1;1;1;1;1;1;1;1;1;1;1;1;0;1
13000000;1;1;1;1;1;1;1;1;1;1;1;1;1;1;1;1;1;1;1;1;1;1;1;1;1;1;1;1;0;1;0;1;0;1;0;1;0;1;0;1;0;1;0;1;0;1;0;1;0;1;0;1;1;1;1;1;1;1;1;1;0;1;0;1;0;1;0;1;0;1;0;1;1;1;1;0;1;0;1;0;1;0;1;1;1;1;1;1;1;1;1;1;1;1;1;1;1;1;1;1;1;1;1;1;1;1;1;1;1;0;1;0;1;0;1;0;1;0;1;0;1;0;1;1;1;1;0;1;0;1;1;1;1;1;1;1;1;1;1;1;1;0;1;0;1;0;1;0;1;0;1;0;1;0;1;0;1;0;1;0;1;0;1;1;1;1;1;1;1;1;1;1;1;1;1;1;1;1;1;1;0;1;0;1;0;1;0;1;0;1;0;1;1;1;1;1;1;1;1;1;1;1;1;1;1;1;1;1;1;1;1;1;1;1;1;1;1;1;1;1;1;1;1;1;1;1;1;1;1;1;1;1;1;1;1;1;1;1;1;1;1;1;1;1;1;1;1;1;1;1;1;1;1;1;1;1;1;1;1;1;1;1;1;1;1;1;1;1;1;1;1;1;1;1;0;1;0;1;0;1;0;1;0;1;1;1;1;0;1;0;1;1;1;1;1;1;1;1;1;1;1;1;1;1;1;0;1;0;1;0;1;0;1;0;1;0;1;0;1;0;1;0;1;0;1;0;1;1;1;1;1;1;1;1;1;1;1;1;0;1;0;1;1;1;1;1;1;1;1;1;1;1;1;0;1;0;1;0;1;1;1;1;1;1;0;1;0;1;0;1;0;1;1;1;1;1;1;1;1;1;1;1;1;0;1;0;1;1;1;1;1;1;1;1;1;1;1;1;1;1;1;1;1;1;1;1;0;1;0;1;1;1;1;0;1;1;1;1;0;1;1;1;1;1;1;1;1;1;1;1;1;1;1;1;1;1;1;1;1;1;1;1;1;1;1;1;1;0;1;0;1;0;1;1;1;0;1;0;1;1;1;1;1;1;1;0;1;0;1;1;1;1;1;1;1;1;1;1;1;1;1;1;1;0;1;0;1;0;1;0;1;1;1;1;1;1;0;1;0;1;0;1;0;1;0;1;0;1;1;1;1;1;1;1;1;1;1;1;1;0;1;0;1;0;1;0;1;0;1;0;1;0;1;0;1;0;1;0;1;0;1;1;1;1;1;1;1;1;1;1;1;1;0;1;0;1;0;1;1;1;1;0;1;0;1;1;1;1;0;1;0;1;1;1;1;1;1;1;1;1;1;1;1;1;1;1;1;1;1;1;1;0;1;1;1;1;0;1;1;1;1;0;1;0;1;0;1;0;1;0;1;0;1;0;1;1;1;1;1;1;1;1;1;1;1;1;1;0;1;0;1;0;1;0;1;0;1;0;1;1;1;1;1;1;1;1;1;1;1;1;1;1;0;1;0;1;0;1;0;1;1;1;1;1;1;1;1;1;1;1;1;1;1;0;1;0;1;1;1;0;1;0;1;1;1;1;1;1;0;1;0;1;0;1;0;1;0;1;0;1;1;1;1;1;1;1;1;1;1;1;1;1;1;1;0;1;0;1;0;1;0;1;0;1;0;1;0;1;0;1;0;1;0;1;0;1;1;1;1;1;1;1;1;1;1;1;1;0;1;0;1;1;1;1;0;1;0;1;0;1;0;1;0;1;0;1;0;1;0;1;1;1;1;1;1;1;1;1;1;1;1;1;1;1;1;1;1;1;1;1;1;1;1;0;1;0;1;0;1;0;1;0;1;0;1;0;1;0;1;0;1;0;1;1;1;1;1;1;1;1;1;1;1;1;1;1;0;1;0;1;0;1;0;1;0;1;1;1;1;1;1;1;1;0;1;0;1;0;1;0;1;0;1;1;1;1;1;1;1;1;1;1;1;1;1;0;1;0;1;0;1;0;1;0;1;0;1;0;1;0;1;0;1;1;1;1;1;1;1;1;1;1;1;1;1;1;1;1;1;1;0;1;0;1;0;1;1;1;1;1;1;1;1;1;1;1;1;0;1;0;1;1;1;1;0;1;0;1;0;1;0;1;1;1;1;1;1;1;1;1;1;1;1;1;1;1;0;1;0;1;0;1;0;1;0;1;0;1;0;1;0;1;0;1;0;1;0;1;1;1;1;1;1;1;1;1;1;1;1;0;1;0;1;0;1;0;1;0;1;0;1;0;1;0;1;0;1;0;1;0
14000000;1;1;1;1;1;1;1;1;1;1;1;1;1;1;1;1;1;1;1;1;1;1;1;1;1;1;1;1;1;1;1;1;1;1;1;1;1;1;1;1;1;1;1;1;1;1;1;1;1;1;1;1;1;1;1;1;1;1;1;1;1;1;1;1;1;1;1;1;1;1;1;1;1;1;1;1;1;1;1;1;1;1;1;1;1;1;1;1;1;1;1;1;1;1;1;1;1;1;1;1;1;1;1;1;1;1;1;1;1;1;1;1;1;1;1;1;1;1;1;1;1;1;1;1;1;1;1;1;1;1;1;1;1;1;1;1;1;1;1;1;1;1;1;1;1;1;1;1;1;1;1;1;1;1;1;1;1;1;1;1;1;1;1;1;1;1;1;1;1;1;1;1;1;1;1;1;1;1;1;1;1;1;1;1;1;1;1;1;1;1;1;1;1;1;1;1;1;1;1;1;1;1;1;1;1;1;1;1;1;1;1;1;1;1;1;1;1;1;1;1;1;1;1;1;1;1;1;1;1;1;1;1;1;1;1;1;1;1;1;1;1;1;1;1;1;1;1;1;1;1;1;1;1;1;1;1;1;1;1;1;1;1;1;1;1;1;1;1;1;1;1;1;1;1;1;1;1;1;1;1;1;1;1;1;1;1;1;1;1;1;1;1;1;1;1;1;1;1;1;1;1;1;1;1;1;1;1;1;1;1;1;1;1;1;1;1;1;1;1;1;1;1;1;1;1;1;1;1;1;1;1;1;1;1;1;1;1;1;1;1;1;1;1;1;1;1;1;1;1;1;1;1;1;1;1;1;1;1;1;1;1;1;1;1;1;1;1;1;1;1;1;1;1;1;1;1;1;1;1;1;1;1;1;1;1;1;1;1;1;1;1;1;1;1;1;1;1;1;1;1;1;1;1;1;1;1;1;1;1;1;1;1;1;1;1;1;1;1;1;1;1;1;1;1;1;1;1;1;1;1;1;1;1;1;1;1;1;1;1;1;1;1;1;1;1;1;1;1;1;1;1;1;1;1;1;1;1;1;1;1;1;1;1;1;1;1;1;1;1;1;1;1;1;1;1;1;1;1;1;1;1;1;1;1;1;1;1;1;1;1;1;1;1;1;1;1;1;1;1;1;1;1;1;1;1;1;1;1;1;1;1;1;1;1;1;1;1;1;1;1;1;1;1;1;1;1;1;1;1;1;1;1;1;1;1;1;1;1;1;1;1;1;1;1;1;1;1;1;1;1;1;1;1;1;1;1;1;1;1;1;1;1;1;1;1;1;1;1;1;1;1;1;1;1;1;1;1;1;1;1;1;1;1;1;1;1;1;1;1;1;1;1;1;1;1;1;1;1;1;1;1;1;1;1;1;1;1;1;1;1;1;1;1;1;1;1;1;1;1;1;1;1;1;1;1;1;1;1;1;1;1;1;1;1;1;1;1;1;1;1;1;1;1;1;1;1;1;1;1;1;1;1;1;1;1;1;1;1;1;1;1;1;1;1;1;1;1;1;1;1;1;1;1;1;1;1;1;1;1;1;1;1;1;1;1;1;1;1;1;1;1;1;1;1;1;1;1;1;1;1;1;1;1;1;1;1;1;1;1;1;1;1;1;1;1;1;1;1;1;1;1;1;1;1;1;1;1;1;1;1;1;1;1;1;1;1;1;1;1;1;1;1;1;1;1;1;1;1;1;1;1;1;1;1;1;1;1;1;1;1;1;1;1;1;1;1;1;1;1;1;1;1;1;1;1;1;1;1;1;1;1;1;1;1;1;1;1;1;1;1;1;1;1;1;1;1;1;1;1;1;1;1;1;1;1;1;1;1;1;1;1;1;1;1;1;1;1;1;1;1;1;1;1;1;1;1;1;1;1;1;1;1;1;1;1;1;1;1;1;1;1;1;1;1;1;1;1;1;1;1;1;1;1;1;1;1;1;1;1;1;1;1;1;1;1;1;1;1;1;1;1;1;1;1;1;1;1;1;1;1;1;1;1;1;1;1;1;1;1;1;1;1;1;1;1;1;1;1;1;1;1;1;1;1;1;1;1;1;1;1;1;1;1;1;1;1;1;1;1;1;1;1;1;1;1;1;1;1;1;1;1;1;1;1;1;1;1;1;1;1;1;1;1;1;1;1;1;1;1;1;1;1;1;1;1;1;1;1;1;1;1;1;1;1;1;1;1;1;1;1;1;1;1;1;1;1;1;1;1;1;1;1;1;1;1;1;1;1;1;1;1;1;1;1;1;1;1;1;1;1
15000000;1;1;1;1;1;1;1;1;1;1;1;1;1;1;1;1;1;1;1;1;1;1;1;1;1;1;1;1;1;1;1;1;1;1;1;1;1;1;1;1;1;1;1;1;1;1;1;1;1;1;1;1;1;1;1;1;1;1;1;1;1;1;1;1;1;1;1;1;1;1;1;1;1;1;1;1;1;1;1;1;1;1;1;1;1;1;1;1;1;1;1;1;1;1;1;1;1;1;1;1;1;1;1;1;1;1;1;1;1;1;1;1;1;1;1;1;1;1;1;1;1;1;1;1;1;1;1;1;1;1;1;1;1;1;1;1;1;1;1;1;1;1;1;1;1;1;1;1;1;1;1;1;1;1;1;1;1;1;1;1;1;1;1;1;1;1;1;1;1;1;1;1;1;1;1;1;1;1;1;1;1;1;1;1;1;1;1;1;1;1;1;1;1;1;1;1;1;1;1;1;1;1;1;1;1;1;1;1;1;1;1;1;1;1;1;1;1;1;1;1;1;1;1;1;1;1;1;1;1;1;1;1;1;1;1;1;1;1;1;1;1;1;1;1;1;1;1;1;1;1;1;1;1;1;1;1;1;1;1;1;1;1;1;1;1;1;1;1;1;1;1;1;1;1;1;1;1;1;1;1;1;1;1;1;1;1;1;1;1;1;1;1;1;1;1;1;1;1;1;1;1;1;1;1;1;1;1;1;1;1;1;1;1;1;1;1;1;1;1;1;1;1;1;1;1;1;1;1;1;1;1;1;1;1;1;1;1;1;1;1;1;1;1;1;1;1;1;1;1;1;1;1;1;1;1;1;1;1;1;1;1;1;1;1;1;1;1;1;1;1;1;1;1;1;1;1;1;1;1;1;1;1;1;1;1;1;1;1;1;1;1;1;1;1;1;1;1;1;1;1;1;1;1;1;1;1;1;1;1;1;1;1;1;1;1;1;1;1;1;1;1;1;1;1;1;1;1;1;1;1;1;1;1;1;1;1;1;1;1;1;1;1;1;1;1;1;1;1;1;1;1;1;1;1;1;1;1;1;1;1;1;1;1;1;1;1;1;1;1;1;1;1;1;1;1;1;1;1;1;1;1;1;1;1;1;1;1;1;1;1;1;1;1;1;1;1;1;1;1;1;1;1;1;1;1;1;1;1;1;1;1;1;1;1;1;1;1;1;1;1;1;1;1;1;1;1;1;1;1;1;1;1;1;1;1;1;1;1;1;1;1;1;1;1;1;1;1;1;1;1;1;1;1;1;1;1;1;1;1;1;1;1;1;1;1;1;1;1;1;1;1;1;1;1;1;1;1;1;1;1;1;1;1;1;1;1;1;1;1;1;1;1;1;1;1;1;1;1;1;1;1;1;1;1;1;1;1;1;1;1;1;1;1;1;1;1;1;1;1;1;1;1;1;1;1;1;1;1;1;1;1;1;1;1;1;1;1;1;1;1;1;1;1;1;1;1;1;1;1;1;1;1;1;1;1;1;1;1;1;1;1;1;1;1;1;1;1;1;1;1;1;1;1;1;1;1;1;1;1;1;1;1;1;1;1;1;1;1;1;1;1;1;1;1;1;1;1;1;1;1;1;1;1;1;1;1;1;1;1;1;1;1;1;1;1;1;1;1;1;1;1;1;1;1;1;1;1;1;1;1;1;1;1;1;1;1;1;1;1;1;1;1;1;1;1;1;1;1;1;1;1;1;1;1;1;1;1;1;1;1;1;1;1;1;1;1;1;1;1;1;1;1;1;1;1;1;1;1;1;1;1;1;1;1;1;1;1;1;1;1;1;1;1;1;1;1;1;1;1;1;1;1;1;1;1;1;1;1;1;1;1;1;1;1;1;1;1;1;1;1;1;1;1;1;1;1;1;1;1;1;1;1;1;1;1;1;1;1;1;1;1;1;1;1;1;1;1;1;1;1;1;1;1;1;1;1;1;1;1;1;1;1;1;1;1;1;1;1;1;1;1;1;1;1;1;1;1;1;1;1;1;1;1;1;1;1;1;1;1;1;1;1;1;1;1;1;1;1;1;1;1;1;1;1;1;1;1;1;1;1;1;1;1;1;1;1;1;1;1;1;1;1;1;1;1;1;1;1;1;1;1;1;1;1;1;1;1;1;1;1;1;1;1;1;1;1;1;1;1;1;1;1;1;1;1;1;1;1;1;1;1;1;1;1;1;1;1;1;1;1;1;1;1;1;1;1;1;1;1;1;1;1;1;1;1;1;1;1;1;1;1;1;1;1;1;1;1;1;1;1
